811079.00;"vitb12";1.90
811079.00;"zn";4.40
811079.00;"vitb5";0.31
811079.00;"prot";21.60
811079.00;"vita";5.00
811079.00;"vitc";0.00
811079.00;"water";6.97
811079.00;"vitb6";0.45
811079.00;"vitd";0.47
811079.00;"na";61.00
811079.00;"vitb2";0.13
811079.00;"kcal";153.00
811079.00;"fibre";0.00
811079.00;"p";162.00
811079.00;"chol";56.00
811079.00;"proa";10.00
811079.00;"fe";2.00
811079.00;"fat";7.50
811079.00;"vitb9";10.00
811079.00;"k";308.00
811079.00;"carb";0.00
811079.00;"mg";17.00
811079.00;"ca";5.00
811083.00;"vitc";15.15
811083.00;"vitb5";0.70
811083.00;"prot";20.50
811083.00;"vita";2.65
811083.00;"vitb2";0.16
811083.00;"vitb6";0.39
811083.00;"vitb12";0.80
811083.00;"vitd";0.41
811083.00;"zn";2.70
811083.00;"na";46.00
811083.00;"water";7.03
811083.00;"chol";63.00
811083.00;"p";181.00
811083.00;"fibre";0.00
811083.00;"ca";4.20
811083.00;"kcal";159.00
811083.00;"fe";1.10
811083.00;"fat";8.50
811083.00;"vitb9";4.00
811083.00;"k";326.00
811083.00;"carb";0.00
811083.00;"mg";19.00
811083.00;"proa";0.00
812048.00;"vitb6";0.51
812048.00;"fibre";0.00
812048.00;"vitb5";1.50
812048.00;"prot";20.62
812048.00;"vita";5.00
812048.00;"vitd";5.00
812048.00;"vitb2";0.19
812048.00;"vitb12";1.60
812048.00;"water";7.53
812048.00;"na";57.00
812048.00;"vitc";0.00
812048.00;"chol";72.00
812048.00;"p";188.00
812048.00;"mg";20.00
812048.00;"ca";4.90
812048.00;"zn";3.30
812048.00;"kcal";104.00
812048.00;"fe";0.80
812048.00;"fat";2.40
812048.00;"vitb9";7.00
812048.00;"k";332.00
812048.00;"carb";0.00
812048.00;"proa";5.00
812067.00;"p";189.00
812067.00;"vitc";0.00
812067.00;"vitb5";0.87
812067.00;"prot";19.70
812067.00;"vita";5.00
812067.00;"vitb2";0.27
812067.00;"vitb6";0.38
812067.00;"vitb12";0.40
812067.00;"vitd";1.54
812067.00;"zn";0.90
812067.00;"water";7.29
812067.00;"fe";0.50
812067.00;"fibre";0.00
812067.00;"ca";5.60
812067.00;"kcal";134.00
812067.00;"proa";0.00
812067.00;"fat";6.20
812067.00;"vitb9";10.00
812067.00;"k";302.00
812067.00;"carb";0.00
812067.00;"mg";20.00
812067.00;"na";76.00
812067.00;"chol";86.00
812080.00;"vitc";0.00
812080.00;"p";191.00
812080.00;"vitb5";0.74
812080.00;"prot";22.20
812080.00;"vita";5.00
812080.00;"vitb6";0.45
812080.00;"vitd";0.47
812080.00;"water";7.40
812080.00;"zn";3.50
812080.00;"fibre";0.00
812080.00;"vitb2";0.12
812080.00;"chol";56.00
812080.00;"ca";4.20
812080.00;"kcal";102.00
812080.00;"vitb12";1.40
812080.00;"fe";1.40
812080.00;"proa";10.00
812080.00;"vitb9";6.00
812080.00;"k";362.00
812080.00;"carb";0.00
812080.00;"mg";20.00
812080.00;"fat";1.50
812080.00;"na";44.00
812081.00;"zn";3.70
812081.00;"prot";21.20
812081.00;"vita";5.00
812081.00;"vitc";0.00
812081.00;"vitb2";0.12
812081.00;"vitb6";0.42
812081.00;"vitb12";1.40
812081.00;"water";7.42
812081.00;"vitb5";0.74
812081.00;"na";49.00
812081.00;"vitd";0.47
812081.00;"chol";54.00
812081.00;"p";183.00
812081.00;"ca";3.90
812081.00;"fibre";0.00
812081.00;"kcal";97.00
812081.00;"fe";1.20
812081.00;"fat";1.30
812081.00;"k";345.00
812081.00;"carb";0.00
812081.00;"mg";18.00
812081.00;"vitb9";6.00
812081.00;"proa";10.00
821043.00;"vitb6";0.02
821043.00;"vitb5";0.36
821043.00;"vita";272.00
821043.00;"vitc";1.00
821043.00;"vitb2";0.13
821043.00;"vitb12";0.40
821043.00;"vitd";0.50
821043.00;"water";6.58
821043.00;"zn";0.19
821043.00;"fibre";0.00
821043.00;"p";64.00
821043.00;"chol";82.00
821043.00;"ca";78.15
821043.00;"sta";0.00
821043.00;"kcal";269.40
821043.00;"fe";0.05
821043.00;"fat";27.87
821043.00;"k";131.96
821043.00;"prot";2.26
821043.00;"carb";3.31
821043.00;"proa";150.00
821043.00;"mg";6.98
821043.00;"vitb9";6.80
821043.00;"na";35.00
831003.00;"zn";0.40
831003.00;"vitb5";2.00
831003.00;"prot";19.90
831003.00;"vita";11.00
831003.00;"vitc";1.00
831003.00;"vitb2";0.14
831003.00;"vitb6";0.50
831003.00;"vitb12";6.90
831003.00;"water";7.15
831003.00;"p";245.00
831003.00;"mg";28.00
831003.00;"vitd";8.00
831003.00;"ca";12.00
831003.00;"fibre";0.00
831003.00;"proa";0.00
831003.00;"chol";66.00
831003.00;"sta";0.00
831003.00;"kcal";210.85
831003.00;"fe";0.40
831003.00;"vitb9";13.00
831003.00;"k";441.00
831003.00;"carb";0.00
831003.00;"na";57.00
831003.00;"fat";14.70
831010.00;"vitc";0.00
831010.00;"p";140.00
831010.00;"vitb5";0.19
831010.00;"prot";5.21
831010.00;"vita";0.00
831010.00;"vitb2";0.14
831010.00;"vitb6";0.05
831010.00;"vitb12";0.00
831010.00;"vitd";0.00
831010.00;"zn";2.20
831010.00;"mg";121.00
831010.00;"water";0.07
831010.00;"ca";48.02
831010.00;"fibre";6.96
831010.00;"proa";37.00
831010.00;"na";15.00
831010.00;"chol";0.94
831010.00;"sta";2.30
831010.00;"kcal";521.03
831010.00;"fat";31.81
831010.00;"vitb9";7.00
831010.00;"k";827.00
831010.00;"carb";60.41
831010.00;"fe";6.65
831011.00;"vitb6";0.05
831011.00;"vitb5";0.60
831011.00;"zn";0.74
831011.00;"prot";6.74
831011.00;"vitb9";7.00
831011.00;"vita";42.80
831011.00;"water";0.13
831011.00;"vitb2";0.28
831011.00;"vitb12";0.56
831011.00;"p";176.00
831011.00;"vitc";2.14
831011.00;"fibre";0.20
831011.00;"na";110.00
831011.00;"mg";12.00
831011.00;"k";332.00
831011.00;"fat";35.18
831011.00;"fe";0.31
831011.00;"kcal";568.83
831011.00;"chol";15.78
831011.00;"ca";258.39
831011.00;"proa";0.00
831011.00;"carb";55.97
862012.00;"prot";16.00
862012.00;"water";8.15
862012.00;"fibre";0.00
862012.00;"na";30.00
862012.00;"carb";0.00
862012.00;"fat";2.00
862012.00;"kcal";84.00
862025.00;"water";3.46
862025.00;"prot";9.00
862025.00;"fibre";2.50
862025.00;"na";470.00
862025.00;"carb";48.50
862025.00;"kcal";278.00
862025.00;"fat";6.00
1000824.00;"vita";0.00
1000824.00;"zn";0.18
1000824.00;"fibre";1.20
1000824.00;"vitb5";0.10
1000824.00;"prot";0.63
1000824.00;"vitc";23.00
1000824.00;"vitb2";0.04
1000824.00;"vitb6";0.07
1000824.00;"vitb12";0.00
1000824.00;"water";9.48
1000824.00;"na";12.00
1000824.00;"vitd";0.00
1000824.00;"sta";0.00
1000824.00;"mg";7.00
1000824.00;"p";18.00
1000824.00;"proa";12.00
1000824.00;"chol";0.00
1000824.00;"kcal";15.62
1000824.00;"fe";0.80
1000824.00;"fat";0.30
1000824.00;"vitb9";50.00
1000824.00;"k";243.00
1000824.00;"carb";3.80
1000824.00;"ca";20.00
1000832.00;"vitd";0.00
1000832.00;"p";126.00
1000832.00;"vitb5";0.50
1000832.00;"prot";6.00
1000832.00;"vita";0.00
1000832.00;"vitc";32.00
1000832.00;"vitb2";0.14
1000832.00;"water";7.45
1000832.00;"vitb12";0.00
1000832.00;"zn";0.75
1000832.00;"fibre";6.00
1000832.00;"vitb6";0.16
1000832.00;"sta";6.15
1000832.00;"ca";26.00
1000832.00;"na";2.00
1000832.00;"chol";0.00
1000832.00;"kcal";78.30
1000832.00;"fe";1.90
1000832.00;"fat";0.70
1000832.00;"vitb9";70.00
1000832.00;"k";300.00
1000832.00;"carb";18.00
1000832.00;"mg";34.00
1000832.00;"proa";380.00
1000835.00;"water";9.28
1000835.00;"vitb5";0.04
1000835.00;"prot";2.00
1000835.00;"vita";0.00
1000835.00;"vitc";38.00
1000835.00;"vitb2";0.09
1000835.00;"vitb6";0.27
1000835.00;"zn";0.50
1000835.00;"vitd";0.00
1000835.00;"fibre";1.70
1000835.00;"na";4.00
1000835.00;"vitb12";0.00
1000835.00;"fe";2.10
1000835.00;"p";53.00
1000835.00;"chol";0.00
1000835.00;"kcal";19.60
1000835.00;"ca";38.00
1000835.00;"fat";0.40
1000835.00;"vitb9";160.00
1000835.00;"k";459.00
1000835.00;"carb";3.70
1000835.00;"mg";13.00
1000835.00;"proa";4250.00
1000835.00;"sta";0.00
1000836.00;"vitb2";0.30
1000836.00;"vitb5";0.31
1000836.00;"prot";3.90
1000836.00;"vita";0.00
1000836.00;"vitc";182.00
1000836.00;"vitb6";0.20
1000836.00;"vitb12";0.00
1000836.00;"vitd";0.00
1000836.00;"fibre";4.30
1000836.00;"zn";0.80
1000836.00;"na";38.00
1000836.00;"water";8.21
1000836.00;"kcal";34.50
1000836.00;"p";114.00
1000836.00;"ca";213.00
1000836.00;"sta";2.60
1000836.00;"proa";5099.00
1000836.00;"fe";5.90
1000836.00;"fat";0.50
1000836.00;"vitb9";132.00
1000836.00;"k";853.00
1000836.00;"carb";11.10
1000836.00;"mg";37.00
1000836.00;"chol";0.00
1000837.00;"vitb2";0.11
1000837.00;"vitb5";0.30
1000837.00;"prot";3.00
1000837.00;"vita";0.00
1000837.00;"vitc";60.00
1000837.00;"vitb6";0.13
1000837.00;"vitb12";0.00
1000837.00;"vitd";0.00
1000837.00;"water";9.13
1000837.00;"fibre";2.30
1000837.00;"na";3.00
1000837.00;"zn";0.49
1000837.00;"ca";86.00
1000837.00;"p";54.00
1000837.00;"chol";0.00
1000837.00;"sta";0.00
1000837.00;"kcal";25.00
1000837.00;"fe";1.50
1000837.00;"vitb9";130.00
1000837.00;"k";275.00
1000837.00;"carb";4.20
1000837.00;"mg";40.00
1000837.00;"proa";3000.00
1000837.00;"fat";0.60
1000855.00;"fibre";7.00
1000855.00;"vitb2";0.06
1000855.00;"vitb5";0.40
1000855.00;"prot";1.30
1000855.00;"vita";0.00
1000855.00;"vitc";200.00
1000855.00;"vitb6";0.08
1000855.00;"vitb12";0.00
1000855.00;"vitd";0.00
1000855.00;"water";7.82
1000855.00;"na";3.00
1000855.00;"zn";0.30
1000855.00;"ca";60.00
1000855.00;"p";34.00
1000855.00;"chol";0.00
1000855.00;"sta";
1000855.00;"kcal";43.90
1000855.00;"fe";1.30
1000855.00;"vitb9";40.00
1000855.00;"k";370.00
1000855.00;"carb";16.00
1000855.00;"mg";17.00
1000855.00;"proa";130.00
1000855.00;"fat";0.30
1000860.00;"water";8.69
1000860.00;"vitb5";0.20
1000860.00;"prot";0.70
1000860.00;"vita";0.00
1000860.00;"vitc";41.00
1000860.00;"vitb2";0.04
1000860.00;"vitb6";0.04
1000860.00;"vitd";0.00
1000860.00;"fibre";1.40
1000860.00;"na";3.00
1000860.00;"vitb12";0.00
1000860.00;"ca";33.00
1000860.00;"p";15.00
1000860.00;"proa";334.00
1000860.00;"zn";0.06
1000860.00;"chol";0.00
1000860.00;"sta";0.00
1000860.00;"kcal";44.60
1000860.00;"fat";0.20
1000860.00;"vitb9";26.00
1000860.00;"k";145.00
1000860.00;"carb";11.40
1000860.00;"mg";11.00
1000860.00;"fe";0.40
1000863.00;"mg";14.00
1000863.00;"vitb2";0.02
1000863.00;"vitb5";0.20
1000863.00;"prot";0.70
1000863.00;"vita";0.00
1000863.00;"vitc";25.00
1000863.00;"vitb6";0.09
1000863.00;"vitb12";0.00
1000863.00;"vitd";0.00
1000863.00;"water";9.00
1000863.00;"p";17.00
1000863.00;"zn";0.10
1000863.00;"ca";14.00
1000863.00;"fibre";0.90
1000863.00;"chol";0.00
1000863.00;"sta";0.00
1000863.00;"kcal";35.79
1000863.00;"fe";0.20
1000863.00;"vitb9";100.00
1000863.00;"k";297.00
1000863.00;"carb";8.90
1000863.00;"proa";1750.00
1000863.00;"na";18.00
1000863.00;"fat";0.10
1000867.00;"vitc";7.00
1000867.00;"p";33.00
1000867.00;"vitb5";0.20
1000867.00;"prot";0.72
1000867.00;"vita";0.00
1000867.00;"vitb2";0.04
1000867.00;"vitb6";0.05
1000867.00;"vitb12";0.00
1000867.00;"vitd";0.00
1000867.00;"fibre";2.30
1000867.00;"zn";0.10
1000867.00;"water";8.27
1000867.00;"proa";204.00
1000867.00;"ca";12.00
1000867.00;"chol";0.00
1000867.00;"sta";0.00
1000867.00;"kcal";52.68
1000867.00;"fe";0.50
1000867.00;"vitb9";10.00
1000867.00;"k";230.00
1000867.00;"carb";14.30
1000867.00;"mg";15.00
1000867.00;"fat";0.20
1000867.00;"na";
1000868.00;"water";8.60
1000868.00;"vitb5";0.20
1000868.00;"prot";0.90
1000868.00;"vita";0.00
1000868.00;"vitc";20.00
1000868.00;"vitb2";0.05
1000868.00;"vitb6";0.03
1000868.00;"vitd";0.00
1000868.00;"fibre";2.20
1000868.00;"na";4.00
1000868.00;"vitb12";0.00
1000868.00;"ca";7.00
1000868.00;"p";18.00
1000868.00;"proa";440.00
1000868.00;"zn";0.10
1000868.00;"chol";0.00
1000868.00;"sta";
1000868.00;"kcal";46.20
1000868.00;"fat";0.20
1000868.00;"vitb9";9.00
1000868.00;"k";212.00
1000868.00;"carb";12.40
1000868.00;"mg";10.00
1000868.00;"fe";0.20
1000869.00;"vitd";0.00
1000869.00;"p";16.00
1000869.00;"vitb5";0.30
1000869.00;"prot";1.00
1000869.00;"vita";0.00
1000869.00;"vitc";53.00
1000869.00;"vitb2";0.04
1000869.00;"water";8.66
1000869.00;"vitb12";0.00
1000869.00;"zn";0.08
1000869.00;"fibre";1.80
1000869.00;"vitb6";0.06
1000869.00;"sta";0.00
1000869.00;"ca";40.00
1000869.00;"na";4.00
1000869.00;"chol";0.00
1000869.00;"kcal";40.20
1000869.00;"fe";0.10
1000869.00;"fat";0.20
1000869.00;"vitb9";30.00
1000869.00;"k";179.00
1000869.00;"carb";10.40
1000869.00;"mg";10.00
1000869.00;"proa";120.00
1000887.00;"water";7.97
1000887.00;"vitb5";0.80
1000887.00;"prot";17.10
1000887.00;"vita";6.00
1000887.00;"vitc";1.50
1000887.00;"vitb2";0.22
1000887.00;"vitb6";0.22
1000887.00;"vitd";3.00
1000887.00;"fibre";0.00
1000887.00;"na";104.00
1000887.00;"vitb12";1.50
1000887.00;"ca";61.00
1000887.00;"p";198.00
1000887.00;"proa";
1000887.00;"zn";0.52
1000887.00;"chol";63.00
1000887.00;"sta";0.00
1000887.00;"kcal";85.50
1000887.00;"fat";1.90
1000887.00;"vitb9";11.00
1000887.00;"k";311.00
1000887.00;"carb";0.00
1000887.00;"mg";22.00
1000887.00;"fe";0.90
1000904.00;"carb";62.75
1000904.00;"vita";0.00
1000904.00;"p";1143.00
1000904.00;"zn";9.40
1000904.00;"vitb5";2.50
1000904.00;"prot";14.90
1000904.00;"vitc";0.00
1000904.00;"vitb2";0.51
1000904.00;"vitb6";0.72
1000904.00;"vitb12";0.00
1000904.00;"water";1.15
1000904.00;"vitd";0.00
1000904.00;"sta";13.80
1000904.00;"na";2.00
1000904.00;"proa";5.50
1000904.00;"chol";0.00
1000904.00;"fibre";45.05
1000904.00;"kcal";172.25
1000904.00;"fe";16.00
1000904.00;"fat";4.65
1000904.00;"vitb9";195.00
1000904.00;"k";1352.00
1000904.00;"mg";490.00
1000904.00;"ca";67.00
1000914.00;"vitc";18.00
1000914.00;"p";57.00
1000914.00;"vitb5";0.16
1000914.00;"prot";2.50
1000914.00;"vita";0.00
1000914.00;"vitb2";0.07
1000914.00;"vitb6";0.25
1000914.00;"vitb12";0.00
1000914.00;"water";8.39
1000914.00;"fibre";4.00
1000914.00;"vitd";0.00
1000914.00;"ca";37.00
1000914.00;"zn";0.21
1000914.00;"na";1.00
1000914.00;"proa";360.00
1000914.00;"chol";0.00
1000914.00;"sta";0.00
1000914.00;"kcal";44.10
1000914.00;"fat";0.50
1000914.00;"vitb9";17.00
1000914.00;"k";303.00
1000914.00;"carb";11.40
1000914.00;"mg";30.00
1000914.00;"fe";1.60
1000926.00;"water";9.47
1000926.00;"vitb5";0.40
1000926.00;"prot";1.00
1000926.00;"vita";0.00
1000926.00;"vitc";5.00
1000926.00;"vitb2";0.05
1000926.00;"vitb6";0.03
1000926.00;"zn";0.20
1000926.00;"vitd";0.00
1000926.00;"fibre";2.50
1000926.00;"na";4.00
1000926.00;"vitb12";0.00
1000926.00;"ca";20.00
1000926.00;"p";25.00
1000926.00;"proa";100.00
1000926.00;"chol";0.00
1000926.00;"sta";0.10
1000926.00;"kcal";8.60
1000926.00;"fe";0.20
1000926.00;"vitb9";52.00
1000926.00;"k";205.00
1000926.00;"carb";3.20
1000926.00;"mg";10.00
1000926.00;"fat";0.20
1000936.00;"water";8.86
1000936.00;"vitb5";2.70
1000936.00;"prot";3.60
1000936.00;"vita";0.00
1000936.00;"vitc";2.50
1000936.00;"vitb2";0.37
1000936.00;"vitb6";0.03
1000936.00;"zn";1.50
1000936.00;"vitd";3.10
1000936.00;"proa";6.00
1000936.00;"na";6.00
1000936.00;"vitb12";0.00
1000936.00;"fe";1.00
1000936.00;"p";85.00
1000936.00;"fibre";6.02
1000936.00;"chol";0.00
1000936.00;"kcal";20.12
1000936.00;"ca";4.20
1000936.00;"fat";0.40
1000936.00;"vitb9";25.00
1000936.00;"k";341.00
1000936.00;"carb";6.55
1000936.00;"mg";12.00
1000936.00;"sta";0.00
1000938.00;"zn";0.50
1000938.00;"vita";0.00
1000938.00;"p";162.00
1000938.00;"vitb5";2.50
1000938.00;"prot";1.66
1000938.00;"vitc";5.00
1000938.00;"vitb2";0.06
1000938.00;"vitb6";0.05
1000938.00;"vitb12";0.00
1000938.00;"water";9.00
1000938.00;"mg";16.00
1000938.00;"vitd";3.10
1000938.00;"sta";0.00
1000938.00;"fibre";7.01
1000938.00;"na";2.00
1000938.00;"chol";0.00
1000938.00;"proa";
1000938.00;"kcal";11.52
1000938.00;"fe";1.20
1000938.00;"fat";0.32
1000938.00;"vitb9";25.00
1000938.00;"k";390.00
1000938.00;"carb";7.51
1000938.00;"ca";11.00
1000941.00;"vitc";0.00
1000941.00;"proa";370.00
1000941.00;"vitb5";0.00
1000941.00;"prot";1.47
1000941.00;"vita";0.00
1000941.00;"vitb2";0.06
1000941.00;"vitb6";0.15
1000941.00;"vitb12";0.00
1000941.00;"vitd";0.00
1000941.00;"zn";1.00
1000941.00;"na";9.00
1000941.00;"water";8.49
1000941.00;"sta";0.07
1000941.00;"p";32.00
1000941.00;"fibre";3.02
1000941.00;"chol";0.00
1000941.00;"kcal";46.09
1000941.00;"fe";20.04
1000941.00;"fat";1.20
1000941.00;"vitb9";19.50
1000941.00;"k";131.00
1000941.00;"carb";10.36
1000941.00;"mg";36.00
1000941.00;"ca";307.00
1000943.00;"vitb2";0.05
1000943.00;"vitb5";0.00
1000943.00;"prot";1.71
1000943.00;"vita";0.00
1000943.00;"vitc";0.00
1000943.00;"vitb6";0.54
1000943.00;"vitb12";0.00
1000943.00;"vitd";0.00
1000943.00;"water";8.49
1000943.00;"proa";572.00
1000943.00;"na";2.00
1000943.00;"zn";0.75
1000943.00;"fe";4.53
1000943.00;"p";15.00
1000943.00;"fibre";2.91
1000943.00;"chol";0.00
1000943.00;"kcal";52.89
1000943.00;"ca";266.00
1000943.00;"fat";2.05
1000943.00;"vitb9";0.00
1000943.00;"k";173.00
1000943.00;"carb";9.81
1000943.00;"mg";69.00
1000943.00;"sta";0.06
1000945.00;"zn";1.20
1000945.00;"vita";0.00
1000945.00;"fibre";3.00
1000945.00;"vitb5";0.19
1000945.00;"prot";3.80
1000945.00;"vitc";31.00
1000945.00;"vitb2";0.33
1000945.00;"vitb6";0.05
1000945.00;"vitb12";0.00
1000945.00;"water";8.61
1000945.00;"na";15.00
1000945.00;"vitd";0.00
1000945.00;"chol";0.00
1000945.00;"p";75.00
1000945.00;"mg";30.00
1000945.00;"ca";210.00
1000945.00;"sta";0.05
1000945.00;"kcal";42.70
1000945.00;"fe";9.50
1000945.00;"fat";0.70
1000945.00;"vitb9";110.00
1000945.00;"k";260.00
1000945.00;"carb";8.30
1000945.00;"proa";740.00
1000946.00;"p";37.00
1000946.00;"vitb2";0.31
1000946.00;"vitb5";0.20
1000946.00;"prot";3.10
1000946.00;"vita";0.00
1000946.00;"vitc";26.00
1000946.00;"vitb6";0.18
1000946.00;"vitb12";0.00
1000946.00;"vitd";0.00
1000946.00;"water";8.64
1000946.00;"mg";11.00
1000946.00;"zn";0.70
1000946.00;"ca";250.00
1000946.00;"fibre";3.11
1000946.00;"chol";0.00
1000946.00;"sta";0.05
1000946.00;"kcal";40.00
1000946.00;"fe";5.50
1000946.00;"vitb9";50.00
1000946.00;"k";300.00
1000946.00;"carb";8.21
1000946.00;"proa";3950.00
1000946.00;"na";9.00
1000946.00;"fat";0.80
1000950.00;"vitd";0.00
1000950.00;"vitb5";0.90
1000950.00;"prot";1.75
1000950.00;"vita";0.00
1000950.00;"vitc";9.40
1000950.00;"vitb2";0.12
1000950.00;"water";9.42
1000950.00;"vitb12";0.00
1000950.00;"fibre";1.22
1000950.00;"na";43.00
1000950.00;"vitb6";0.05
1000950.00;"sta";
1000950.00;"p";54.00
1000950.00;"zn";0.35
1000950.00;"chol";0.00
1000950.00;"proa";1700.00
1000950.00;"kcal";13.76
1000950.00;"fe";1.40
1000950.00;"fat";0.20
1000950.00;"vitb9";109.00
1000950.00;"k";330.00
1000950.00;"carb";2.46
1000950.00;"mg";10.00
1000950.00;"ca";54.00
1000955.00;"fibre";0.00
1000955.00;"vitc";0.00
1000955.00;"p";0.00
1000955.00;"vitb5";0.00
1000955.00;"prot";0.00
1000955.00;"vita";0.00
1000955.00;"vitb2";0.00
1000955.00;"vitb6";0.00
1000955.00;"vitb12";0.00
1000955.00;"vitd";0.00
1000955.00;"zn";0.00
1000955.00;"water";0.00
1000955.00;"proa";0.00
1000955.00;"na";0.00
1000955.00;"ca";1.00
1000955.00;"chol";0.00
1000955.00;"sta";0.00
1000955.00;"kcal";400.00
1000955.00;"fat";0.00
1000955.00;"vitb9";0.00
1000955.00;"k";2.00
1000955.00;"carb";100.00
1000955.00;"mg";0.00
1000955.00;"fe";0.10
1000957.00;"water";2.00
1000957.00;"vitb5";0.10
1000957.00;"prot";0.40
1000957.00;"vita";0.00
1000957.00;"vitc";1.70
1000957.00;"vitb2";0.05
1000957.00;"vitb6";0.30
1000957.00;"zn";0.35
1000957.00;"vitd";0.00
1000957.00;"fibre";0.00
1000957.00;"na";7.00
1000957.00;"vitb12";0.00
1000957.00;"fe";0.50
1000957.00;"p";17.00
1000957.00;"chol";0.00
1000957.00;"kcal";305.60
1000957.00;"ca";5.00
1000957.00;"fat";0.00
1000957.00;"vitb9";5.30
1000957.00;"k";47.00
1000957.00;"carb";76.00
1000957.00;"mg";3.00
1000957.00;"proa";0.00
1000957.00;"sta";0.00
1000965.00;"water";9.33
1000965.00;"vitb5";0.40
1000965.00;"prot";0.60
1000965.00;"vita";0.00
1000965.00;"vitc";5.00
1000965.00;"vitb2";0.07
1000965.00;"vitb6";0.07
1000965.00;"zn";0.85
1000965.00;"vitd";0.00
1000965.00;"fibre";1.00
1000965.00;"na";1.00
1000965.00;"vitb12";0.00
1000965.00;"chol";0.00
1000965.00;"p";20.00
1000965.00;"ca";18.00
1000965.00;"sta";0.60
1000965.00;"kcal";21.30
1000965.00;"fe";0.40
1000965.00;"vitb9";25.00
1000965.00;"k";274.00
1000965.00;"carb";5.50
1000965.00;"proa";1200.00
1000965.00;"mg";7.00
1000965.00;"fat";0.10
1000969.00;"water";4.24
1000969.00;"vitb5";1.70
1000969.00;"prot";19.40
1000969.00;"vita";336.00
1000969.00;"vitc";
1000969.00;"vitb2";0.18
1000969.00;"vitb6";0.07
1000969.00;"vitd";0.24
1000969.00;"fibre";0.00
1000969.00;"na";1450.00
1000969.00;"vitb12";1.20
1000969.00;"ca";612.00
1000969.00;"p";356.00
1000969.00;"proa";
1000969.00;"zn";2.50
1000969.00;"chol";94.00
1000969.00;"sta";0.00
1000969.00;"kcal";358.80
1000969.00;"fat";31.20
1000969.00;"vitb9";52.00
1000969.00;"k";138.00
1000969.00;"carb";0.10
1000969.00;"mg";20.00
1000969.00;"fe";0.30
1000971.00;"p";97.00
1000971.00;"vitb2";0.22
1000971.00;"vitb5";
1000971.00;"prot";7.60
1000971.00;"vita";310.00
1000971.00;"vitc";
1000971.00;"vitb6";0.04
1000971.00;"vitb12";
1000971.00;"vitd";0.28
1000971.00;"water";4.44
1000971.00;"carb";
1000971.00;"zn";0.40
1000971.00;"ca";68.00
1000971.00;"fibre";0.00
1000971.00;"chol";141.00
1000971.00;"sta";0.00
1000971.00;"kcal";453.40
1000971.00;"fe";0.20
1000971.00;"vitb9";11.00
1000971.00;"k";53.00
1000971.00;"na";86.00
1000971.00;"mg";
1000971.00;"proa";258.00
1000971.00;"fat";47.00
1000983.00;"vitc";0.26
1000983.00;"p";148.00
1000983.00;"vitb5";0.18
1000983.00;"prot";6.08
1000983.00;"vita";
1000983.00;"vitb2";0.20
1000983.00;"vitb6";0.05
1000983.00;"vitb12";
1000983.00;"vitd";
1000983.00;"zn";0.87
1000983.00;"fibre";4.93
1000983.00;"water";0.19
1000983.00;"proa";
1000983.00;"ca";82.00
1000983.00;"chol";
1000983.00;"sta";0.00
1000983.00;"kcal";456.85
1000983.00;"fe";1.53
1000983.00;"vitb9";31.00
1000983.00;"k";273.00
1000983.00;"carb";73.50
1000983.00;"mg";72.00
1000983.00;"fat";17.58
1000983.00;"na";2.00
1001008.00;"vitd";
1001008.00;"vitb5";
1001008.00;"prot";11.09
1001008.00;"vita";61.00
1001008.00;"vitc";
1001008.00;"vitb2";
1001008.00;"water";7.70
1001008.00;"vitb12";
1001008.00;"fibre";0.00
1001008.00;"na";32.56
1001008.00;"vitb6";0.04
1001008.00;"sta";0.00
1001008.00;"p";126.00
1001008.00;"zn";0.30
1001008.00;"chol";22.00
1001008.00;"proa";
1001008.00;"kcal";122.76
1001008.00;"fe";0.16
1001008.00;"fat";7.20
1001008.00;"vitb9";
1001008.00;"k";119.00
1001008.00;"carb";3.40
1001008.00;"mg";11.00
1001008.00;"ca";169.00
1001015.00;"water";9.32
1001015.00;"vitb5";0.04
1001015.00;"prot";0.00
1001015.00;"vita";0.00
1001015.00;"vitc";
1001015.00;"vitb2";
1001015.00;"vitb6";0.01
1001015.00;"zn";0.24
1001015.00;"vitd";0.00
1001015.00;"fibre";0.00
1001015.00;"na";4.00
1001015.00;"vitb12";0.00
1001015.00;"chol";0.00
1001015.00;"p";5.00
1001015.00;"ca";9.00
1001015.00;"sta";0.00
1001015.00;"kcal";31.70
1001015.00;"fe";0.80
1001015.00;"vitb9";
1001015.00;"k";116.00
1001015.00;"carb";2.50
1001015.00;"proa";
1001015.00;"mg";4.00
1001015.00;"fat";0.00
1001018.00;"water";7.40
1001018.00;"vitb5";
1001018.00;"prot";0.10
1001018.00;"vita";0.00
1001018.00;"vitc";0.00
1001018.00;"vitb2";
1001018.00;"vitb6";
1001018.00;"vitd";0.00
1001018.00;"fibre";0.00
1001018.00;"na";20.00
1001018.00;"vitb12";0.00
1001018.00;"ca";8.00
1001018.00;"p";6.90
1001018.00;"proa";
1001018.00;"zn";
1001018.00;"chol";0.00
1001018.00;"sta";0.00
1001018.00;"kcal";139.10
1001018.00;"fat";0.00
1001018.00;"vitb9";
1001018.00;"k";42.00
1001018.00;"carb";13.50
1001018.00;"mg";5.40
1001018.00;"fe";0.50
1001020.00;"na";6.00
1001020.00;"vita";0.00
1001020.00;"fibre";0.00
1001020.00;"zn";0.27
1001020.00;"vitb5";0.04
1001020.00;"prot";0.10
1001020.00;"vitc";0.00
1001020.00;"vitb2";0.01
1001020.00;"vitb6";0.01
1001020.00;"vitb12";0.10
1001020.00;"water";8.07
1001020.00;"vitd";0.00
1001020.00;"p";7.00
1001020.00;"mg";8.00
1001020.00;"proa";
1001020.00;"ca";9.00
1001020.00;"chol";0.00
1001020.00;"sta";
1001020.00;"fe";0.53
1001020.00;"fat";0.00
1001020.00;"vitb9";1.00
1001020.00;"k";89.00
1001020.00;"carb";3.60
1001020.00;"kcal";118.40
1001021.00;"water";7.22
1001021.00;"vitb5";0.03
1001021.00;"prot";0.16
1001021.00;"vita";0.00
1001021.00;"vitc";0.00
1001021.00;"vitb2";0.01
1001021.00;"vitb6";0.01
1001021.00;"zn";0.27
1001021.00;"vitd";0.00
1001021.00;"fibre";0.00
1001021.00;"na";9.00
1001021.00;"vitb12";0.10
1001021.00;"ca";7.00
1001021.00;"p";12.00
1001021.00;"proa";0.00
1001021.00;"chol";0.00
1001021.00;"sta";0.00
1001021.00;"kcal";152.24
1001021.00;"fe";0.39
1001021.00;"vitb9";1.00
1001021.00;"k";75.00
1001021.00;"carb";12.00
1001021.00;"mg";9.00
1001021.00;"fat";0.00
1001026.00;"vitd";0.00
1001026.00;"p";0.00
1001026.00;"vitb5";0.00
1001026.00;"prot";0.00
1001026.00;"vita";0.00
1001026.00;"vitc";0.00
1001026.00;"vitb2";0.00
1001026.00;"water";6.48
1001026.00;"vitb12";0.00
1001026.00;"zn";0.01
1001026.00;"fibre";0.00
1001026.00;"vitb6";0.00
1001026.00;"sta";0.00
1001026.00;"ca";0.00
1001026.00;"na";2.00
1001026.00;"chol";0.00
1001026.00;"kcal";239.62
1001026.00;"fe";0.00
1001026.00;"fat";0.00
1001026.00;"vitb9";0.00
1001026.00;"k";2.00
1001026.00;"carb";1.98
1001026.00;"mg";1.00
1001026.00;"proa";0.00
1001044.00;"water";3.60
1001044.00;"vitb5";0.50
1001044.00;"prot";27.00
1001044.00;"vita";290.00
1001044.00;"vitc";
1001044.00;"vitb2";0.32
1001044.00;"vitb6";0.13
1001044.00;"zn";4.20
1001044.00;"vitd";1.10
1001044.00;"fibre";0.00
1001044.00;"na";600.00
1001044.00;"vitb12";2.00
1001044.00;"ca";900.00
1001044.00;"p";600.00
1001044.00;"proa";200.00
1001044.00;"chol";96.00
1001044.00;"sta";0.00
1001044.00;"kcal";399.60
1001044.00;"fe";0.35
1001044.00;"vitb9";10.00
1001044.00;"k";90.00
1001044.00;"carb";0.90
1001044.00;"mg";35.00
1001044.00;"fat";32.00
1001099.00;"water";7.99
1001099.00;"vitb5";0.15
1001099.00;"prot";9.46
1001099.00;"vita";56.96
1001099.00;"vitc";0.23
1001099.00;"vitb2";0.17
1001099.00;"vitb6";0.03
1001099.00;"zn";0.42
1001099.00;"vitd";0.11
1001099.00;"fibre";0.00
1001099.00;"na";31.85
1001099.00;"vitb12";0.37
1001099.00;"fe";0.01
1001099.00;"p";134.40
1001099.00;"chol";16.45
1001099.00;"kcal";104.06
1001099.00;"ca";105.98
1001099.00;"fat";5.55
1001099.00;"vitb9";18.46
1001099.00;"k";129.55
1001099.00;"carb";4.04
1001099.00;"mg";9.27
1001099.00;"proa";
1001099.00;"sta";0.00
1001121.00;"vitc";0.00
1001121.00;"p";47.00
1001121.00;"vitb5";
1001121.00;"prot";2.90
1001121.00;"vita";0.00
1001121.00;"vitb2";0.27
1001121.00;"vitb6";0.07
1001121.00;"vitb12";0.00
1001121.00;"vitd";0.00
1001121.00;"fibre";7.50
1001121.00;"zn";0.20
1001121.00;"water";8.97
1001121.00;"proa";0.00
1001121.00;"ca";13.00
1001121.00;"chol";0.00
1001121.00;"sta";0.00
1001121.00;"kcal";31.90
1001121.00;"fe";0.40
1001121.00;"vitb9";19.00
1001121.00;"k";120.00
1001121.00;"carb";7.67
1001121.00;"mg";100.00
1001121.00;"fat";9.76
1001121.00;"na";32.00
1001139.00;"water";
1001139.00;"vitb5";0.00
1001139.00;"prot";
1001139.00;"vita";0.00
1001139.00;"vitc";0.00
1001139.00;"vitb2";0.00
1001139.00;"vitb6";0.00
1001139.00;"vitd";0.00
1001139.00;"fibre";0.00
1001139.00;"na";
1001139.00;"vitb12";0.00
1001139.00;"ca";0.00
1001139.00;"p";0.00
1001139.00;"proa";0.00
1001139.00;"zn";0.00
1001139.00;"chol";0.00
1001139.00;"sta";0.00
1001139.00;"kcal";899.10
1001139.00;"fat";99.90
1001139.00;"vitb9";0.00
1001139.00;"k";0.00
1001139.00;"carb";0.00
1001139.00;"mg";0.00
1001139.00;"fe";0.00
1001185.00;"water";0.02
1001185.00;"vitb5";0.00
1001185.00;"prot";0.00
1001185.00;"vita";0.00
1001185.00;"vitc";0.00
1001185.00;"vitb2";0.00
1001185.00;"vitb6";0.00
1001185.00;"vitd";0.00
1001185.00;"fibre";0.00
1001185.00;"na";38850.00
1001185.00;"vitb12";0.00
1001185.00;"ca";27.00
1001185.00;"p";8.00
1001185.00;"proa";0.00
1001185.00;"zn";0.05
1001185.00;"chol";0.00
1001185.00;"sta";0.00
1001185.00;"kcal";0.00
1001185.00;"fat";0.00
1001185.00;"vitb9";0.00
1001185.00;"k";4.00
1001185.00;"carb";0.00
1001185.00;"mg";290.00
1001185.00;"fe";0.30
1001187.00;"na";240.00
1001187.00;"vita";0.00
1001187.00;"fibre";2.80
1001187.00;"zn";0.70
1001187.00;"vitb5";1.00
1001187.00;"prot";4.50
1001187.00;"vitc";38.00
1001187.00;"vitb2";0.12
1001187.00;"vitb6";0.44
1001187.00;"vitb12";0.00
1001187.00;"water";7.67
1001187.00;"vitd";0.00
1001187.00;"p";94.00
1001187.00;"mg";48.00
1001187.00;"proa";1200.00
1001187.00;"ca";48.00
1001187.00;"chol";0.00
1001187.00;"sta";0.38
1001187.00;"fe";1.60
1001187.00;"fat";0.20
1001187.00;"vitb9";54.00
1001187.00;"k";1150.00
1001187.00;"carb";15.70
1001187.00;"kcal";71.40
1001190.00;"water";7.37
1001190.00;"vitb5";0.60
1001190.00;"prot";21.60
1001190.00;"vita";1.95
1001190.00;"vitc";0.00
1001190.00;"vitb2";0.19
1001190.00;"vitb6";0.19
1001190.00;"zn";5.80
1001190.00;"vitd";
1001190.00;"fibre";0.00
1001190.00;"na";50.00
1001190.00;"vitb12";5.00
1001190.00;"chol";60.90
1001190.00;"p";210.00
1001190.00;"ca";4.00
1001190.00;"sta";0.00
1001190.00;"kcal";117.45
1001190.00;"fe";1.80
1001190.00;"vitb9";3.00
1001190.00;"k";300.00
1001190.00;"carb";0.00
1001190.00;"proa";
1001190.00;"mg";19.00
1001190.00;"fat";3.45
1001196.00;"water";6.49
1001196.00;"vitb5";0.00
1001196.00;"prot";0.00
1001196.00;"vita";0.00
1001196.00;"vitc";0.00
1001196.00;"vitb2";0.00
1001196.00;"vitb6";0.00
1001196.00;"zn";0.00
1001196.00;"vitd";0.00
1001196.00;"fibre";0.00
1001196.00;"na";
1001196.00;"vitb12";0.00
1001196.00;"ca";2.00
1001196.00;"p";0.00
1001196.00;"proa";0.00
1001196.00;"chol";0.00
1001196.00;"sta";0.00
1001196.00;"kcal";245.00
1001196.00;"fe";0.00
1001196.00;"vitb9";0.00
1001196.00;"k";3.00
1001196.00;"carb";0.00
1001196.00;"mg";0.00
1001196.00;"fat";0.00
1001198.00;"vitd";0.00
1001198.00;"vitb5";0.00
1001198.00;"prot";0.00
1001198.00;"vita";0.00
1001198.00;"vitc";0.00
1001198.00;"vitb2";0.00
1001198.00;"water";6.21
1001198.00;"vitb12";0.00
1001198.00;"fibre";0.00
1001198.00;"na";2.00
1001198.00;"vitb6";0.00
1001198.00;"sta";0.00
1001198.00;"p";0.00
1001198.00;"zn";0.00
1001198.00;"chol";0.00
1001198.00;"proa";0.00
1001198.00;"kcal";221.90
1001198.00;"fe";0.00
1001198.00;"fat";0.00
1001198.00;"vitb9";0.00
1001198.00;"k";0.00
1001198.00;"carb";0.00
1001198.00;"mg";0.00
1001198.00;"ca";0.00
1001215.00;"vitd";
1001215.00;"vitb5";1.43
1001215.00;"prot";20.17
1001215.00;"vita";1.00
1001215.00;"vitc";0.00
1001215.00;"vitb2";0.29
1001215.00;"water";7.37
1001215.00;"vitb12";1.70
1001215.00;"fibre";0.00
1001215.00;"na";90.66
1001215.00;"vitb6";0.39
1001215.00;"sta";0.00
1001215.00;"p";204.66
1001215.00;"zn";3.97
1001215.00;"chol";81.10
1001215.00;"proa";
1001215.00;"kcal";123.70
1001215.00;"fe";1.40
1001215.00;"fat";4.78
1001215.00;"vitb9";11.66
1001215.00;"k";305.00
1001215.00;"carb";0.00
1001215.00;"mg";23.33
1001215.00;"ca";22.00
1001226.00;"zn";0.43
1001226.00;"vita";15.00
1001226.00;"p";33.00
1001226.00;"vitb5";0.30
1001226.00;"prot";1.83
1001226.00;"vitc";11.00
1001226.00;"vitb2";0.05
1001226.00;"vitb6";0.00
1001226.00;"vitb12";0.00
1001226.00;"water";8.25
1001226.00;"mg";17.00
1001226.00;"vitd";0.10
1001226.00;"sta";5.50
1001226.00;"fibre";1.90
1001226.00;"na";540.00
1001226.00;"chol";0.00
1001226.00;"proa";496.00
1001226.00;"kcal";64.75
1001226.00;"fe";1.40
1001226.00;"fat";2.08
1001226.00;"vitb9";12.00
1001226.00;"k";363.00
1001226.00;"carb";11.56
1001226.00;"ca";23.00
1001227.00;"vitc";0.00
1001227.00;"p";13.00
1001227.00;"vitb5";0.13
1001227.00;"prot";0.30
1001227.00;"vita";0.00
1001227.00;"vitb2";0.01
1001227.00;"vitb6";0.01
1001227.00;"vitb12";1.00
1001227.00;"water";9.80
1001227.00;"fibre";
1001227.00;"vitd";0.00
1001227.00;"ca";1.00
1001227.00;"proa";0.00
1001227.00;"zn";0.00
1001227.00;"chol";0.00
1001227.00;"sta";0.10
1001227.00;"kcal";4.83
1001227.00;"fat";0.30
1001227.00;"vitb9";23.00
1001227.00;"k";54.00
1001227.00;"carb";0.23
1001227.00;"mg";10.00
1001227.00;"fe";0.20
1001227.00;"na";420.00
1001261.00;"zn";
1001261.00;"p";156.00
1001261.00;"prot";29.36
1001261.00;"vitc";13.00
1001261.00;"vitb2";0.25
1001261.00;"vitb6";0.50
1001261.00;"vitb12";0.60
1001261.00;"water";5.09
1001261.00;"vitb5";0.60
1001261.00;"fibre";0.00
1001261.00;"vitd";0.60
1001261.00;"chol";70.00
1001261.00;"na";2130.00
1001261.00;"ca";9.00
1001261.00;"sta";0.00
1001261.00;"kcal";247.89
1001261.00;"fe";1.80
1001261.00;"fat";14.30
1001261.00;"vita";0.00
1001261.00;"k";250.00
1001261.00;"proa";
1001261.00;"mg";22.00
1001261.00;"carb";0.40
1001261.00;"vitb9";2.00
1001272.00;"vitb2";0.02
1001272.00;"vitb5";0.03
1001272.00;"prot";0.50
1001272.00;"vita";0.00
1001272.00;"vitc";4.00
1001272.00;"vitb6";
1001272.00;"vitb12";0.00
1001272.00;"vitd";0.00
1001272.00;"water";3.60
1001272.00;"zn";0.20
1001272.00;"ca";18.00
1001272.00;"p";7.00
1001272.00;"sta";
1001272.00;"fibre";2.20
1001272.00;"chol";0.00
1001272.00;"proa";16.00
1001272.00;"kcal";230.50
1001272.00;"fe";1.40
1001272.00;"vitb9";
1001272.00;"k";100.00
1001272.00;"carb";58.20
1001272.00;"mg";2.00
1001272.00;"na";12.00
1001272.00;"fat";0.50
1001304.00;"vitb2";0.14
1001304.00;"vitb5";
1001304.00;"prot";19.54
1001304.00;"vita";
1001304.00;"vitc";0.00
1001304.00;"vitb6";0.30
1001304.00;"vitb12";
1001304.00;"vitd";1.35
1001304.00;"fibre";0.00
1001304.00;"zn";1.90
1001304.00;"na";1854.00
1001304.00;"water";3.30
1001304.00;"kcal";466.64
1001304.00;"p";84.00
1001304.00;"ca";13.00
1001304.00;"sta";
1001304.00;"proa";
1001304.00;"fe";0.80
1001304.00;"fat";42.97
1001304.00;"vitb9";3.00
1001304.00;"k";191.00
1001304.00;"carb";0.43
1001304.00;"mg";
1001304.00;"chol";80.00
1001337.00;"vitb2";0.07
1001337.00;"vitb5";0.65
1001337.00;"prot";6.20
1001337.00;"vita";0.00
1001337.00;"vitc";1.00
1001337.00;"vitb6";0.19
1001337.00;"vitb12";0.00
1001337.00;"vitd";0.00
1001337.00;"water";0.21
1001337.00;"p";183.00
1001337.00;"chol";0.00
1001337.00;"zn";1.45
1001337.00;"ca";25.00
1001337.00;"fibre";20.00
1001337.00;"kcal";619.74
1001337.00;"sta";0.00
1001337.00;"proa";0.00
1001337.00;"fe";3.46
1001337.00;"vitb9";9.00
1001337.00;"k";600.00
1001337.00;"carb";26.40
1001337.00;"mg";90.00
1001337.00;"na";33.00
1001337.00;"fat";63.26
1001338.00;"water";1.44
1001338.00;"vitb5";0.21
1001338.00;"prot";10.60
1001338.00;"vita";0.00
1001338.00;"vitc";0.00
1001338.00;"vitb2";0.03
1001338.00;"vitb6";0.18
1001338.00;"zn";1.04
1001338.00;"vitd";0.00
1001338.00;"p";74.00
1001338.00;"k";108.00
1001338.00;"vitb12";0.00
1001338.00;"kcal";332.20
1001338.00;"proa";0.00
1001338.00;"ca";15.00
1001338.00;"mg";20.00
1001338.00;"sta";69.50
1001338.00;"fibre";3.50
1001338.00;"fe";1.53
1001338.00;"fat";1.00
1001338.00;"vitb9";10.00
1001338.00;"carb";73.70
1001338.00;"na";2.00
1001338.00;"chol";0.00
1001340.00;"vitb12";0.00
1001340.00;"fibre";4.50
1001340.00;"vitb5";0.40
1001340.00;"prot";11.40
1001340.00;"vita";0.00
1001340.00;"vitc";0.00
1001340.00;"vitb6";0.10
1001340.00;"na";3.00
1001340.00;"vitd";0.00
1001340.00;"water";1.43
1001340.00;"zn";1.23
1001340.00;"vitb2";0.08
1001340.00;"chol";0.00
1001340.00;"p";113.00
1001340.00;"ca";16.00
1001340.00;"mg";10.00
1001340.00;"sta";67.60
1001340.00;"kcal";329.10
1001340.00;"fe";1.47
1001340.00;"fat";1.10
1001340.00;"vitb9";16.00
1001340.00;"k";126.00
1001340.00;"carb";72.90
1001340.00;"proa";0.00
1001344.00;"zn";1.49
1001344.00;"vitb5";0.46
1001344.00;"prot";11.80
1001344.00;"vita";0.00
1001344.00;"vitc";0.00
1001344.00;"vitb2";0.07
1001344.00;"vitb6";0.12
1001344.00;"vitb12";0.00
1001344.00;"water";1.42
1001344.00;"sta";66.20
1001344.00;"p";140.50
1001344.00;"vitd";0.00
1001344.00;"kcal";329.10
1001344.00;"fe";1.67
1001344.00;"fibre";5.00
1001344.00;"ca";19.00
1001344.00;"chol";0.00
1001344.00;"proa";0.00
1001344.00;"fat";1.50
1001344.00;"vitb9";24.00
1001344.00;"k";156.00
1001344.00;"carb";72.10
1001344.00;"mg";30.00
1001344.00;"na";3.00
1001349.00;"vitb12";0.00
1001349.00;"fibre";5.70
1001349.00;"zn";2.25
1001349.00;"vitb5";0.54
1001349.00;"prot";12.30
1001349.00;"vita";0.00
1001349.00;"vitc";0.00
1001349.00;"vitb6";0.28
1001349.00;"vitd";0.00
1001349.00;"water";1.42
1001349.00;"na";2.00
1001349.00;"vitb2";0.07
1001349.00;"chol";0.00
1001349.00;"mg";54.00
1001349.00;"p";203.00
1001349.00;"ca";15.50
1001349.00;"sta";64.60
1001349.00;"kcal";326.90
1001349.00;"fe";2.87
1001349.00;"fat";1.70
1001349.00;"vitb9";22.00
1001349.00;"k";222.00
1001349.00;"carb";71.30
1001349.00;"proa";0.00
1001362.00;"vitd";0.00
1001362.00;"p";358.50
1001362.00;"zn";3.00
1001362.00;"vitb5";1.20
1001362.00;"prot";12.70
1001362.00;"vita";0.00
1001362.00;"vitc";0.00
1001362.00;"vitb2";0.12
1001362.00;"vitb12";0.00
1001362.00;"water";1.18
1001362.00;"carb";72.60
1001362.00;"vitb6";0.33
1001362.00;"sta";62.30
1001362.00;"fibre";9.20
1001362.00;"na";2.50
1001362.00;"chol";0.00
1001362.00;"proa";0.00
1001362.00;"kcal";322.40
1001362.00;"fe";3.72
1001362.00;"fat";2.00
1001362.00;"vitb9";52.00
1001362.00;"k";313.50
1001362.00;"mg";132.00
1001362.00;"ca";36.50
1001400.00;"vitd";11.00
1001400.00;"p";270.00
1001400.00;"vitb5";0.80
1001400.00;"prot";20.40
1001400.00;"vita";16.00
1001400.00;"vitc";0.00
1001400.00;"vitb2";0.25
1001400.00;"water";6.90
1001400.00;"vitb12";6.00
1001400.00;"zn";2.90
1001400.00;"fibre";0.00
1001400.00;"vitb6";0.68
1001400.00;"sta";0.00
1001400.00;"ca";85.00
1001400.00;"na";110.00
1001400.00;"chol";100.00
1001400.00;"kcal";162.60
1001400.00;"fe";1.40
1001400.00;"fat";9.00
1001400.00;"vitb9";4.00
1001400.00;"k";360.00
1001400.00;"carb";0.00
1001400.00;"mg";28.00
1001400.00;"proa";
1001406.00;"zn";0.05
1001406.00;"vitb5";0.00
1001406.00;"prot";0.00
1001406.00;"vita";0.00
1001406.00;"vitc";0.00
1001406.00;"vitb2";0.00
1001406.00;"vitb6";0.00
1001406.00;"vitb12";0.00
1001406.00;"water";0.02
1001406.00;"p";8.00
1001406.00;"fat";0.00
1001406.00;"vitd";0.00
1001406.00;"fe";0.30
1001406.00;"proa";0.00
1001406.00;"ca";27.00
1001406.00;"chol";0.00
1001406.00;"k";4.00
1001406.00;"kcal";0.00
1001406.00;"fibre";0.00
1001406.00;"vitb9";0.00
1001406.00;"carb";0.00
1001406.00;"mg";290.00
1001406.00;"na";38850.00
1001406.00;"sta";0.00
1001444.00;"vitc";25.00
1001444.00;"p";169.47
1001444.00;"vitb5";0.38
1001444.00;"prot";14.72
1001444.00;"vita";2.16
1001444.00;"vitb2";0.12
1001444.00;"vitb6";0.14
1001444.00;"vitb12";1.24
1001444.00;"vitd";0.00
1001444.00;"zn";1.56
1001444.00;"fibre";0.00
1001444.00;"water";6.13
1001444.00;"proa";
1001444.00;"ca";3.88
1001444.00;"chol";42.58
1001444.00;"sta";0.00
1001444.00;"kcal";244.49
1001444.00;"fe";0.83
1001444.00;"vitb9";1.01
1001444.00;"k";125.91
1001444.00;"carb";0.49
1001444.00;"mg";15.85
1001444.00;"fat";20.39
1001444.00;"na";838.35
1001450.00;"vitd";0.00
1001450.00;"vitb5";0.52
1001450.00;"prot";15.65
1001450.00;"vita";1.26
1001450.00;"vitc";0.00
1001450.00;"vitb2";0.15
1001450.00;"water";6.02
1001450.00;"vitb12";1.09
1001450.00;"fibre";0.00
1001450.00;"na";823.10
1001450.00;"vitb6";0.23
1001450.00;"sta";0.00
1001450.00;"p";114.20
1001450.00;"zn";1.58
1001450.00;"chol";53.28
1001450.00;"proa";
1001450.00;"kcal";253.04
1001450.00;"fe";0.92
1001450.00;"fat";20.97
1001450.00;"vitb9";1.73
1001450.00;"k";191.89
1001450.00;"carb";0.39
1001450.00;"mg";24.78
1001450.00;"ca";5.24
1001460.00;"water";4.83
1001460.00;"vitb5";0.30
1001460.00;"prot";2.10
1001460.00;"vita";500.00
1001460.00;"vitc";
1001460.00;"vitb2";0.13
1001460.00;"vitb6";0.03
1001460.00;"vitd";0.90
1001460.00;"fibre";0.00
1001460.00;"na";20.00
1001460.00;"vitb12";0.30
1001460.00;"ca";70.00
1001460.00;"p";50.00
1001460.00;"proa";270.00
1001460.00;"zn";0.31
1001460.00;"chol";135.00
1001460.00;"sta";0.00
1001460.00;"kcal";424.60
1001460.00;"fat";45.00
1001460.00;"vitb9";8.00
1001460.00;"k";80.00
1001460.00;"carb";2.80
1001460.00;"mg";7.70
1001460.00;"fe";0.10
1001492.00;"vitd";0.00
1001492.00;"p";97.13
1001492.00;"vitb5";0.28
1001492.00;"prot";9.11
1001492.00;"vita";0.00
1001492.00;"vitc";
1001492.00;"vitb2";0.08
1001492.00;"water";3.18
1001492.00;"vitb12";
1001492.00;"zn";1.00
1001492.00;"fibre";3.60
1001492.00;"vitb6";0.07
1001492.00;"sta";52.07
1001492.00;"ca";15.19
1001492.00;"na";624.44
1001492.00;"chol";0.00
1001492.00;"kcal";255.04
1001492.00;"fe";1.24
1001492.00;"fat";0.87
1001492.00;"vitb9";27.24
1001492.00;"k";109.72
1001492.00;"carb";56.29
1001492.00;"mg";13.84
1001492.00;"proa";
1001493.00;"water";4.09
1001493.00;"vitc";
1001493.00;"p";213.17
1001493.00;"vitb5";0.48
1001493.00;"prot";6.51
1001493.00;"vita";0.00
1001493.00;"vitb2";0.10
1001493.00;"vitb6";0.15
1001493.00;"vitb12";
1001493.00;"vitd";0.00
1001493.00;"zn";2.13
1001493.00;"fibre";6.55
1001493.00;"proa";
1001493.00;"na";623.69
1001493.00;"ca";18.54
1001493.00;"chol";0.00
1001493.00;"sta";41.72
1001493.00;"kcal";206.86
1001493.00;"fat";1.12
1001493.00;"vitb9";50.20
1001493.00;"k";257.80
1001493.00;"carb";49.23
1001493.00;"mg";52.73
1001493.00;"fe";2.39
1001494.00;"water";3.03
1001494.00;"vitb5";0.70
1001494.00;"prot";10.29
1001494.00;"vita";0.48
1001494.00;"vitc";0.40
1001494.00;"vitb2";0.17
1001494.00;"vitb6";0.19
1001494.00;"zn";2.08
1001494.00;"vitd";1.0e-03
1001494.00;"fibre";5.93
1001494.00;"na";607.04
1001494.00;"vitb12";0.16
1001494.00;"ca";77.85
1001494.00;"p";269.92
1001494.00;"proa";0.84
1001494.00;"chol";0.32
1001494.00;"sta";42.81
1001494.00;"kcal";271.81
1001494.00;"fe";2.44
1001494.00;"vitb9";43.71
1001494.00;"k";272.55
1001494.00;"carb";51.53
1001494.00;"mg";89.21
1001494.00;"fat";5.36
1001496.00;"vitd";0.06
1001496.00;"vitb5";0.28
1001496.00;"prot";9.21
1001496.00;"vita";30.56
1001496.00;"vitc";0.50
1001496.00;"vitb2";0.14
1001496.00;"water";3.17
1001496.00;"vitb12";0.20
1001496.00;"fibre";2.48
1001496.00;"na";612.13
1001496.00;"vitb6";0.13
1001496.00;"sta";46.58
1001496.00;"p";109.70
1001496.00;"zn";0.95
1001496.00;"chol";11.68
1001496.00;"proa";22.25
1001496.00;"kcal";277.42
1001496.00;"fe";1.17
1001496.00;"fat";4.67
1001496.00;"vitb9";24.90
1001496.00;"k";165.05
1001496.00;"carb";52.11
1001496.00;"mg";25.27
1001496.00;"ca";78.00
1001497.00;"vitc";
1001497.00;"p";60.07
1001497.00;"vitb5";0.15
1001497.00;"prot";7.48
1001497.00;"vita";0.00
1001497.00;"vitb2";0.05
1001497.00;"vitb6";0.11
1001497.00;"vitb12";
1001497.00;"vitd";0.00
1001497.00;"water";3.61
1001497.00;"fibre";2.50
1001497.00;"zn";0.76
1001497.00;"ca";13.53
1001497.00;"proa";
1001497.00;"chol";0.00
1001497.00;"sta";46.93
1001497.00;"kcal";261.83
1001497.00;"fe";1.14
1001497.00;"vitb9";23.06
1001497.00;"k";85.60
1001497.00;"carb";49.90
1001497.00;"mg";19.44
1001497.00;"fat";4.69
1001497.00;"na";584.67
1001514.00;"zn";1.00
1001514.00;"vita";0.00
1001514.00;"fibre";3.60
1001514.00;"vitb5";0.28
1001514.00;"prot";9.11
1001514.00;"vitc";
1001514.00;"vitb2";0.08
1001514.00;"vitb6";0.07
1001514.00;"vitb12";
1001514.00;"water";3.18
1001514.00;"na";624.44
1001514.00;"vitd";0.00
1001514.00;"chol";0.00
1001514.00;"p";97.13
1001514.00;"mg";13.84
1001514.00;"ca";15.19
1001514.00;"sta";52.07
1001514.00;"kcal";255.04
1001514.00;"fe";1.24
1001514.00;"fat";0.87
1001514.00;"vitb9";27.24
1001514.00;"k";109.72
1001514.00;"carb";56.29
1001514.00;"proa";
1001540.00;"p";177.53
1001540.00;"vita";0.00
1001540.00;"vitb5";0.17
1001540.00;"zn";0.81
1001540.00;"prot";10.02
1001540.00;"vitb9";21.58
1001540.00;"vitc";
1001540.00;"vitb2";0.33
1001540.00;"vitb6";0.03
1001540.00;"vitb12";0.02
1001540.00;"water";1.05
1001540.00;"vitd";0.00
1001540.00;"carb";57.89
1001540.00;"fibre";7.04
1001540.00;"proa";
1001540.00;"ca";94.43
1001540.00;"chol";0.00
1001540.00;"sta";0.79
1001540.00;"fe";1.61
1001540.00;"fat";20.11
1001540.00;"k";330.86
1001540.00;"mg";96.06
1001540.00;"na";196.02
1001540.00;"kcal";424.16
1001582.00;"vita";6.00
1001582.00;"p";40.00
1001582.00;"zn";0.52
1001582.00;"vitb5";0.14
1001582.00;"prot";5.29
1001582.00;"vitc";0.00
1001582.00;"vitb2";0.02
1001582.00;"vitb6";0.08
1001582.00;"vitb12";0.04
1001582.00;"water";2.12
1001582.00;"carb";48.20
1001582.00;"vitd";0.05
1001582.00;"sta";32.24
1001582.00;"na";121.67
1001582.00;"fibre";1.62
1001582.00;"proa";1.20
1001582.00;"chol";11.40
1001582.00;"kcal";430.78
1001582.00;"fe";0.78
1001582.00;"fat";24.81
1001582.00;"vitb9";6.44
1001582.00;"k";54.29
1001582.00;"mg";10.67
1001582.00;"ca";10.16
1001680.00;"vitd";0.00
1001680.00;"p";10.00
1001680.00;"vitb5";0.12
1001680.00;"prot";0.30
1001680.00;"vita";0.00
1001680.00;"vitc";12.00
1001680.00;"vitb2";0.02
1001680.00;"zn";0.19
1001680.00;"vitb12";0.00
1001680.00;"fibre";2.90
1001680.00;"water";8.75
1001680.00;"vitb6";0.01
1001680.00;"kcal";34.00
1001680.00;"na";2.00
1001680.00;"proa";22.00
1001680.00;"sta";0.14
1001680.00;"ca";14.00
1001680.00;"fe";0.50
1001680.00;"fat";0.50
1001680.00;"vitb9";3.00
1001680.00;"k";70.00
1001680.00;"carb";10.00
1001680.00;"mg";6.00
1001680.00;"chol";0.00
1001791.00;"vitb12";
1001791.00;"p";45.90
1001791.00;"prot";3.99
1001791.00;"vitc";
1001791.00;"fibre";1.02
1001791.00;"vitb6";0.01
1001791.00;"vitb5";0.09
1001791.00;"vitd";9.0e-03
1001791.00;"water";7.31
1001791.00;"zn";0.39
1001791.00;"vitb2";0.02
1001791.00;"sta";19.35
1001791.00;"vita";18.90
1001791.00;"na";5.57
1001791.00;"chol";25.80
1001791.00;"proa";0.00
1001791.00;"kcal";107.40
1001791.00;"fe";0.90
1001791.00;"fat";0.84
1001791.00;"vitb9";6.60
1001791.00;"k";65.83
1001791.00;"carb";21.99
1001791.00;"mg";13.70
1001791.00;"ca";13.90
