9000000;prot;17.81
9000000;fat;22.27
9000000;carb;44.24
9000000;kcal;375
9000000;water;8.06
9000000;caf;0
9000000;fibre;10.5
9000000;ca;931
9000000;fe;66.36
9000000;mg;366
9000000;p;499
9000000;k;1788
9000000;na;168
9000000;zn;4.8
9000000;cu;0.86
9000000;se;5.2
9000000;vita;0
9000000;proa;762
9000000;vitd;0
9000000;vitc;7.7
9000000;vitb1;0.62
9000000;vitb2;0.32
9000000;vitb3;7.84
9000000;vitb6;0.43
9000000;vitb12;0
9000000;vitk;5.4
9000000;vitb9;0
9000000;chol;0
9000001;prot;0
9000001;fat;0
9000001;carb;0
9000001;kcal;0
9000001;water;0
9000001;caf;0
9000001;fibre;0
9000001;ca;0
9000001;fe;0
9000001;mg;0
9000001;p;0
9000001;k;0
9000001;na;0
9000001;zn;0
9000001;cu;0
9000001;se;0
9000001;vita;0
9000001;proa;0
9000001;vitd;0
9000001;vitc;0
9000001;vitb1;0
9000001;vitb2;0
9000001;vitb3;0
9000001;vitb6;0
9000001;vitb12;0
9000001;vitk;0
9000001;vitb9;0
9000001;chol;0
9000002;prot;1.32
9000002;fat;0.24
9000002;carb;7.37
9000002;kcal;32
9000002;lact;0
9000002;water;89.07
9000002;caf;0
9000002;fibre;1.43
9000002;ca;13
9000002;fe;1.02
9000002;mg;16
9000002;p;26
9000002;k;331
9000002;na;524
9000002;zn;0.2
9000002;cu;0.11
9000002;se;0.2
9000002;vita;0
9000002;proa;209
9000002;vitd;0
9000002;vitc;6
9000002;vitb1;0.02
9000002;vitb2;0.06
9000002;vitb3;1.12
9000002;vitb6;0.09
9000002;vitb12;0
9000002;vitk;2.8
9000002;vitb9;0
9000002;chol;0
9000003;prot;0.92
9000003;fat;0.08
9000003;carb;10.11
9000003;kcal;42
9000003;lact;0.01
9000003;water;88.54
9000003;caf;0
9000003;fibre;1.4
9000003;ca;22
9000003;fe;0.19
9000003;mg;10
9000003;p;27
9000003;k;144
9000003;na;3
9000003;zn;0.16
9000003;cu;0.03
9000003;se;0.5
9000003;vita;0
9000003;proa;1
9000003;vitd;0
9000003;vitc;6.4
9000003;vitb1;0.04
9000003;vitb2;0.02
9000003;vitb3;0.36
9000003;vitb5;0.12
9000003;vitb6;0.14
9000003;vitb12;0
9000003;vitk;0.4
9000003;vitb9;0
9000003;chol;0
9000003;sta;0
9000004;prot;2.2
9000004;fat;0.9
9000004;carb;12.11
9000004;kcal;65
9000004;water;82.79
9000004;caf;0
9000004;fibre;2.1
9000004;ca;20
9000004;fe;0.66
9000004;mg;25
9000004;p;45
9000004;k;433
9000004;na;385
9000004;zn;0.4
9000004;cu;0.23
9000004;se;4
9000004;vita;0
9000004;proa;875
9000004;vitd;0
9000004;vitc;0.8
9000004;vitb1;0.1
9000004;vitb2;0.09
9000004;vitb3;1.94
9000004;vitb5;0.34
9000004;vitb6;0.16
9000004;vitb12;0
9000004;vitk;4.2
9000004;vitb9;1
9000004;chol;0
9000005;prot;10.95
9000005;fat;3.26
9000005;carb;64.81
9000005;kcal;255
9000005;water;10.51
9000005;caf;0
9000005;fibre;26.5
9000005;ca;437
9000005;fe;28.86
9000005;mg;194
9000005;p;173
9000005;k;1259
9000005;na;44
9000005;zn;1.42
9000005;cu;1.12
9000005;se;3.1
9000005;vita;0
9000005;proa;156
9000005;vitd;0
9000005;vitc;21
9000005;vitb1;0.1
9000005;vitb2;0.24
9000005;vitb3;3.14
9000005;vitb6;0.34
9000005;vitb12;0
9000005;vitk;163.7
9000005;vitb9;0
9000005;chol;0
9000006;prot;4.77
9000006;fat;0.67
9000006;carb;28.34
9000006;kcal;141
9000006;lact;0
9000006;water;65.99
9000006;caf;0
9000006;fibre;1.7
9000006;ca;7
9000006;fe;0.5
9000006;mg;18
9000006;p;54
9000006;k;31
9000006;na;1
9000006;zn;0.53
9000006;cu;0.09
9000006;se;21.3
9000006;vita;0
9000006;proa;0
9000006;vitd;0
9000006;vitc;0
9000006;vitb1;0.02
9000006;vitb2;0.02
9000006;vitb3;1.41
9000006;vitb5;0.11
9000006;vitb6;0.03
9000006;vitb12;0
9000006;vitb9;0
9000006;chol;0
9000007;prot;0.88
9000007;fat;0.2
9000007;carb;3.92
9000007;kcal;18
9000007;lact;0
9000007;water;94.5
9000007;caf;0
9000007;fibre;1.21
9000007;ca;10
9000007;fe;0.27
9000007;mg;11
9000007;p;24
9000007;k;237
9000007;na;5
9000007;zn;0.17
9000007;cu;0.05
9000007;se;0
9000007;vita;0
9000007;proa;449
9000007;vitd;0
9000007;vitc;12.7
9000007;vitb1;0.03
9000007;vitb2;0.01
9000007;vitb3;0.69
9000007;vitb5;0.08
9000007;vitb6;0.08
9000007;vitb12;0
9000007;vitk;7.9
9000007;vitb9;0
9000007;chol;0
9000007;sta;0
9000008;prot;0.88
9000008;fat;0.2
9000008;carb;3.92
9000008;kcal;18
9000008;lact;0
9000008;water;94.5
9000008;caf;0
9000008;fibre;1.21
9000008;ca;10
9000008;fe;0.27
9000008;mg;11
9000008;p;24
9000008;k;237
9000008;na;5
9000008;zn;0.17
9000008;cu;0.05
9000008;se;0
9000008;vita;0
9000008;proa;449
9000008;vitd;0
9000008;vitc;12.7
9000008;vitb1;0.03
9000008;vitb2;0.01
9000008;vitb3;0.69
9000008;vitb5;0.08
9000008;vitb6;0.08
9000008;vitb12;0
9000008;vitk;7.9
9000008;vitb9;0
9000008;chol;0
9000008;sta;0
9000009;prot;0
9000009;fat;0
9000009;carb;5
9000009;kcal;12
9000009;water;95
9000009;caf;0
9000009;fibre;0
9000009;ca;0
9000009;fe;0
9000009;mg;22
9000009;p;0
9000009;k;15
9000009;na;1
9000009;zn;0
9000009;cu;0.04
9000009;se;0.5
9000009;vita;0
9000009;proa;0
9000009;vitd;0
9000009;vitc;0
9000009;vitb1;0
9000009;vitb2;0
9000009;vitb3;0
9000009;vitb5;0
9000009;vitb6;0
9000009;vitb12;0
9000009;vitk;0
9000009;vitb9;0
9000009;chol;0
9000010;prot;10.95
9000010;fat;3.26
9000010;carb;64.81
9000010;kcal;255
9000010;water;10.51
9000010;caf;0
9000010;fibre;26.5
9000010;ca;437
9000010;fe;28.86
9000010;mg;194
9000010;p;173
9000010;k;1259
9000010;na;44
9000010;zn;1.42
9000010;cu;1.12
9000010;se;3.1
9000010;vita;0
9000010;proa;156
9000010;vitd;0
9000010;vitc;21
9000010;vitb1;0.1
9000010;vitb2;0.24
9000010;vitb3;3.14
9000010;vitb6;0.34
9000010;vitb12;0
9000010;vitk;163.7
9000010;vitb9;0
9000010;chol;0
9000011;prot;16.13
9000011;fat;8.42
9000011;carb;2.1
9000011;kcal;149
9000011;water;71.6
9000011;caf;0
9000011;fibre;0
9000011;ca;25
9000011;fe;1.19
9000011;mg;12
9000011;p;103
9000011;k;194
9000011;na;570
9000011;zn;1.52
9000011;cu;0.04
9000011;se;10.8
9000011;vita;0
9000011;proa;0
9000011;vitd;0.2
9000011;vitc;0.2
9000011;vitb1;0.17
9000011;vitb2;0.12
9000011;vitb3;3.58
9000011;vitb6;0.27
9000011;vitb12;0.18
9000011;vitk;1.04
9000011;vitb9;0
9000011;chol;30
9000012;prot;23.48
9000012;fat;1.69
9000012;carb;0
9000012;kcal;116
9000012;lact;0
9000012;water;74.71
9000012;caf;0
9000012;fibre;0
9000012;ca;62
9000012;fe;0.42
9000012;mg;27
9000012;p;285
9000012;k;434
9000012;na;132
9000012;zn;0.53
9000012;cu;0.04
9000012;se;41.1
9000012;vita;34
9000012;proa;0
9000012;vitc;0
9000012;vitb1;0.06
9000012;vitb2;0.06
9000012;vitb3;6.05
9000012;vitb5;0.25
9000012;vitb6;0.18
9000012;vitb12;2.6
9000012;vitk;0.1
9000012;vitb9;0
9000012;chol;84
9000013;prot;23.48
9000013;fat;1.69
9000013;carb;0
9000013;kcal;116
9000013;lact;0
9000013;water;74.71
9000013;caf;0
9000013;fibre;0
9000013;ca;62
9000013;fe;0.42
9000013;mg;27
9000013;p;285
9000013;k;434
9000013;na;132
9000013;zn;0.53
9000013;cu;0.04
9000013;se;41.1
9000013;vita;34
9000013;proa;0
9000013;vitc;0
9000013;vitb1;0.06
9000013;vitb2;0.06
9000013;vitb3;6.05
9000013;vitb5;0.25
9000013;vitb6;0.18
9000013;vitb12;2.6
9000013;vitk;0.1
9000013;vitb9;0
9000013;chol;84
9000014;prot;19.8
9000014;fat;41.6
9000014;carb;28.9
9000014;kcal;528
9000014;lact;0
9000014;water;7.7
9000014;caf;0
9000014;fibre;27.9
9000014;ca;334
9000014;fe;5
9000014;mg;366.5
9000014;p;498
9000014;k;831
9000014;na;27.9
9000014;zn;4.3
9000014;cu;1.9
9000014;se;5.5
9000014;vita;0
9000014;proa;0
9000014;vitd;0
9000014;vitc;1.3
9000014;vitb1;0.17
9000014;vitb2;0.16
9000014;vitb3;8.06
9000014;vitb5;1.53
9000014;vitb6;0.92
9000014;vitb12;0
9000014;vitk;0
9000014;vitb9;0
9000014;chol;0
9000015;prot;4.37
9000015;fat;4.01
9000015;carb;5.33
9000015;kcal;67
9000015;water;82.65
9000015;caf;0
9000015;fibre;3.3
9000015;ca;58
9000015;fe;1.51
9000015;mg;49
9000015;p;106
9000015;k;138
9000015;na;1135
9000015;zn;0.64
9000015;cu;0.08
9000015;se;32.9
9000015;vita;0
9000015;proa;29
9000015;vitd;0
9000015;vitc;1.5
9000015;vitb1;0.34
9000015;vitb2;0.03
9000015;vitb3;1.66
9000015;vitb5;0.3
9000015;vitb6;0.06
9000015;vitb12;0
9000015;vitk;1.8
9000015;vitb9;0
9000015;chol;0
9000016;prot;0.04
9000016;fat;0
9000016;carb;0.27
9000016;kcal;19
9000016;water;94.47
9000016;fibre;0
9000016;ca;6
9000016;fe;0.45
9000016;mg;4
9000016;p;8
9000016;k;39
9000016;na;8
9000016;zn;0.03
9000016;cu;0.01
9000016;vitc;0.5
9000017;prot;1
9000017;fat;0.1
9000017;carb;6.5
9000017;kcal;26
9000017;water;91.6
9000017;caf;0
9000017;fibre;1.11
9000017;ca;21
9000017;fe;0.8
9000017;mg;12
9000017;p;44
9000017;k;340
9000017;na;1
9000017;zn;0.32
9000017;cu;0.12
9000017;se;0.3
9000017;vita;0
9000017;proa;3100
9000017;vitd;0
9000017;vitc;9
9000017;vitb1;0.05
9000017;vitb2;0.11
9000017;vitb3;0.8
9000017;vitb5;0.29
9000017;vitb6;0.06
9000017;vitb12;0
9000017;vitk;1.1
9000017;vitb9;0
9000017;chol;0
9000018;prot;2.6
9000018;fat;0
9000018;carb;16
9000018;kcal;75
9000018;water;80
9000018;caf;0
9000018;fibre;2.5
9000018;ca;92
9000018;fe;1.6
9000018;mg;42
9000018;p;58
9000018;k;296
9000018;na;3
9000018;zn;0.56
9000018;cu;0.15
9000018;se;0.9
9000018;vita;0
9000018;proa;2612
9000018;vitd;0
9000018;vitc;58.1
9000018;vitb1;0.07
9000018;vitb2;0.11
9000018;vitb3;1.26
9000018;vitb5;0.32
9000018;vitb6;0.13
9000018;vitb12;0
9000018;vitk;212.7
9000018;vitb9;0
9000018;chol;0
9000019;prot;3.27
9000019;fat;0.73
9000019;carb;4.35
9000019;kcal;30
9000019;water;90.65
9000019;caf;0
9000019;fibre;2.5
9000019;ca;92
9000019;fe;1.6
9000019;mg;42
9000019;p;58
9000019;k;296
9000019;na;3
9000019;zn;0.56
9000019;cu;0.15
9000019;se;0.9
9000019;vita;0
9000019;proa;2612
9000019;vitd;0
9000019;vitc;58.1
9000019;vitb1;0.07
9000019;vitb2;0.11
9000019;vitb3;1.26
9000019;vitb5;0.32
9000019;vitb6;0.13
9000019;vitb12;0
9000019;vitk;212.7
9000019;vitb9;0
9000019;chol;0
9000020;prot;2.13
9000020;fat;0.52
9000020;carb;3.67
9000020;kcal;23
9000020;water;92.21
9000020;caf;0
9000020;fibre;2.8
9000020;ca;67
9000020;fe;1.77
9000020;mg;26
9000020;p;48
9000020;k;521
9000020;na;46
9000020;zn;0.5
9000020;cu;0.22
9000020;se;0.9
9000020;vita;0
9000020;proa;3930
9000020;vitd;0
9000020;vitc;27
9000020;vitb1;0.06
9000020;vitb2;0.16
9000020;vitb3;1.5
9000020;vitb5;0.57
9000020;vitb6;0.14
9000020;vitb12;0
9000020;vitk;310
9000020;vitb9;0
9000020;chol;0
9000021;prot;2.13
9000021;fat;0.52
9000021;carb;3.67
9000021;kcal;23
9000021;water;92.21
9000021;caf;0
9000021;fibre;2.8
9000021;ca;67
9000021;fe;1.77
9000021;mg;26
9000021;p;48
9000021;k;521
9000021;na;46
9000021;zn;0.5
9000021;cu;0.22
9000021;se;0.9
9000021;vita;0
9000021;proa;3930
9000021;vitd;0
9000021;vitc;27
9000021;vitb1;0.06
9000021;vitb2;0.16
9000021;vitb3;1.5
9000021;vitb5;0.57
9000021;vitb6;0.14
9000021;vitb12;0
9000021;vitk;310
9000021;vitb9;0
9000021;chol;0
9000022;prot;2.97
9000022;fat;0.79
9000022;carb;6.33
9000022;kcal;36
9000022;water;87.71
9000022;caf;0
9000022;fibre;3.3
9000022;ca;138
9000022;fe;6.2
9000022;mg;50
9000022;p;58
9000022;k;554
9000022;na;56
9000022;zn;1.07
9000022;cu;0.14
9000022;se;0.1
9000022;vita;0
9000022;proa;5054
9000022;vitd;0
9000022;vitc;133
9000022;vitb1;0.08
9000022;vitb2;0.09
9000022;vitb3;2.06
9000022;vitb5;0.4
9000022;vitb6;0.09
9000022;vitb12;0
9000022;vitk;1640
9000022;vitb9;0
9000022;chol;0
9000023;prot;7.61
9000023;fat;8.36
9000023;carb;74.97
9000023;kcal;313
9000023;water;5.44
9000023;caf;0
9000023;fibre;26.3
9000023;ca;834
9000023;fe;43
9000023;mg;120
9000023;p;113
9000023;k;529
9000023;na;23
9000023;zn;3.7
9000023;cu;0.41
9000023;se;2.8
9000023;vita;0
9000023;proa;3708
9000023;vitd;0
9000023;vitc;46.5
9000023;vitb1;9.00E-03
9000023;vitb2;0.42
9000023;vitb3;3.4
9000023;vitb6;1.74
9000023;vitb12;0
9000023;vitb9;0
9000023;chol;0
9000024;prot;23.2
9000024;fat;3.9
9000024;carb;49.1
9000024;kcal;237
9000024;water;7.2
9000024;caf;0
9000024;fibre;11.3
9000024;ca;1346
9000024;fe;31.95
9000024;mg;130
9000024;p;450
9000024;k;4740
9000024;na;83
9000024;zn;8.8
9000024;cu;0.44
9000024;se;29.3
9000024;vita;0
9000024;proa;3516
9000024;vitd;0
9000024;vitc;50
9000024;vitb1;0.38
9000024;vitb2;0.68
9000024;vitb3;9.65
9000024;vitb6;0.93
9000024;vitb12;0
9000024;vitb9;0
9000024;chol;0
9000025;prot;3.46
9000025;fat;1.12
9000025;carb;7.02
9000025;kcal;43
9000025;water;85.95
9000025;caf;0
9000025;fibre;2.1
9000025;ca;208
9000025;fe;6.59
9000025;mg;55
9000025;p;66
9000025;k;738
9000025;na;61
9000025;zn;0.91
9000025;cu;0.14
9000025;vita;0
9000025;proa;4632
9000025;vitd;0
9000025;vitc;85
9000025;vitb1;0.05
9000025;vitb2;0.29
9000025;vitb3;1.8
9000025;vitb5;0.39
9000025;vitb6;0.18
9000025;vitb12;0
9000025;vitb9;0
9000025;chol;0
9000026;prot;3.31
9000026;fat;5.86
9000026;carb;20.7
9000026;kcal;131
9000026;water;67.77
9000026;caf;0
9000026;fibre;14.1
9000026;ca;317
9000026;fe;6.65
9000026;mg;91
9000026;p;66
9000026;k;668
9000026;na;26
9000026;zn;0.93
9000026;cu;0.3
9000026;vita;0
9000026;proa;1752
9000026;vitd;0
9000026;vitc;21.8
9000026;vitb1;0.03
9000026;vitb2;0.15
9000026;vitb3;1.76
9000026;vitb5;0.8
9000026;vitb6;0.33
9000026;vitb12;0
9000026;vitb9;0
9000026;chol;0
9000027;prot;6.73
9000027;fat;5.91
9000027;carb;68.73
9000027;kcal;272
9000027;water;9
9000027;caf;0
9000027;fibre;45.7
9000027;ca;2132
9000027;fe;37.88
9000027;mg;377
9000027;p;140
9000027;k;1051
9000027;na;24
9000027;zn;4.3
9000027;cu;0.84
9000027;se;4.6
9000027;vita;0
9000027;proa;3084
9000027;vitd;0
9000027;vitc;50
9000027;vitb1;0.36
9000027;vitb3;5.31
9000027;vitb6;1.81
9000027;vitb12;0
9000027;vitb9;0
9000027;chol;0
9000028;prot;22.77
9000028;fat;7.24
9000028;carb;50.22
9000028;kcal;295
9000028;water;7.74
9000028;caf;0
9000028;fibre;7.4
9000028;ca;1139
9000028;fe;32.3
9000028;mg;347
9000028;p;313
9000028;k;3020
9000028;na;62
9000028;zn;3.9
9000028;cu;0.67
9000028;se;4.4
9000028;vita;0
9000028;proa;2520
9000028;vitd;0
9000028;vitc;50
9000028;vitb1;0.25
9000028;vitb2;1.33
9000028;vitb3;13.12
9000028;vitb6;2.41
9000028;vitb12;0
9000028;vitb9;0
9000028;chol;0
9000029;prot;5.56
9000029;fat;1.68
9000029;carb;24.45
9000029;kcal;101
9000029;water;65.11
9000029;caf;0
9000029;fibre;14
9000029;ca;405
9000029;fe;17.45
9000029;mg;160
9000029;p;106
9000029;k;609
9000029;na;9
9000029;zn;1.81
9000029;cu;0.55
9000029;vita;0
9000029;proa;2851
9000029;vitd;0
9000029;vitc;160.1
9000029;vitb1;0.04
9000029;vitb2;0.47
9000029;vitb3;3.72
9000029;vitb5;0.4
9000029;vitb6;0.34
9000029;vitb12;0
9000029;vitb9;0
9000029;chol;0
9000030;prot;3.29
9000030;fat;0.73
9000030;carb;8.41
9000030;kcal;44
9000030;water;85.55
9000030;caf;0
9000030;fibre;6.8
9000030;ca;199
9000030;fe;11.87
9000030;mg;63
9000030;p;60
9000030;k;458
9000030;na;30
9000030;zn;1.09
9000030;cu;0.24
9000030;vita;0
9000030;proa;2436
9000030;vitd;0
9000030;vitc;13.3
9000030;vitb1;0.07
9000030;vitb2;0.17
9000030;vitb3;1.78
9000030;vitb5;0.25
9000030;vitb6;0.15
9000030;vitb12;0
9000030;vitb9;0
9000030;chol;0
9000031;prot;12.66
9000031;fat;7.04
9000031;carb;60.56
9000031;kcal;271
9000031;water;7.64
9000031;caf;0
9000031;fibre;40.3
9000031;ca;1990
9000031;fe;82.71
9000031;mg;346
9000031;p;306
9000031;k;1522
9000031;na;77
9000031;zn;3.6
9000031;cu;1.13
9000031;se;4.5
9000031;vita;0
9000031;proa;4806
9000031;vitd;0
9000031;vitc;51.4
9000031;vitb1;0.28
9000031;vitb2;0.31
9000031;vitb3;6.44
9000031;vitb6;1.19
9000031;vitb12;0
9000031;vitk;621.7
9000031;vitb9;0
9000031;chol;0
9000032;prot;5.56
9000032;fat;1.68
9000032;carb;24.45
9000032;kcal;101
9000032;water;65.11
9000032;caf;0
9000032;fibre;14
9000032;ca;405
9000032;fe;17.45
9000032;mg;160
9000032;p;106
9000032;k;609
9000032;na;9
9000032;zn;1.81
9000032;cu;0.55
9000032;vita;0
9000032;proa;2851
9000032;vitd;0
9000032;vitc;160.1
9000032;vitb1;0.04
9000032;vitb2;0.47
9000032;vitb3;3.72
9000032;vitb5;0.4
9000032;vitb6;0.34
9000032;vitb12;0
9000032;vitb9;0
9000032;chol;0
9000033;prot;85.6
9000033;fat;0.1
9000033;carb;0
9000033;kcal;335
9000033;water;13
9000033;caf;0
9000033;fibre;0
9000033;ca;55
9000033;fe;1.11
9000033;mg;22
9000033;p;39
9000033;k;16
9000033;na;196
9000033;zn;0.14
9000033;cu;2.16
9000033;chol;0
9000034;prot;1.5
9000034;fat;94
9000034;carb;0
9000034;kcal;854
9000034;zn;0.22
9000034;chol;68
9000035;prot;2.8
9000035;fat;0.6
9000035;carb;62.5
9000035;kcal;0.276
9000035;fibre;5.1
9000035;k;28
9000036;prot;1.82
9000036;fat;0.49
9000036;carb;25.31
9000036;kcal;99
9000036;water;70.58
9000036;caf;0
9000036;fibre;0
9000036;ca;65
9000036;fe;8.17
9000036;mg;60
9000036;p;101
9000036;k;723
9000036;na;6
9000036;zn;2.23
9000036;cu;0.27
9000036;vita;0
9000036;proa;0
9000036;vitd;0
9000036;vitc;2.6
9000036;vitb1;0
9000036;vitb2;0
9000036;vitb3;0
9000036;vitb5;0
9000036;vitb6;0.08
9000036;vitb12;0
9000036;vitb9;0
9000036;chol;0
9000037;prot;3.89
9000037;fat;3.19
9000037;carb;79.85
9000037;kcal;261
9000037;water;9.52
9000037;caf;0
9000037;fibre;54.3
9000037;ca;1228
9000037;fe;38.07
9000037;mg;56
9000037;p;61
9000037;k;500
9000037;na;26
9000037;zn;1.97
9000037;cu;0.23
9000037;vita;0
9000037;proa;0
9000037;vitd;0
9000037;vitc;28.5
9000037;vitb1;0.077
9000037;vitb2;0.14
9000037;vitb3;1.3
9000037;vitb5;0
9000037;vitb6;0.31
9000037;vitb12;0
9000037;vitb9;29
9000037;chol;0
9000038;prot;1.74
9000038;fat;0.44
9000038;carb;6.7
9000038;kcal;32
9000038;water;9.02
9000038;caf;
9000038;fibre;3.7
9000038;ca;11
9000038;fe;0.86
9000038;mg;22
9000038;p;40
9000038;k;305
9000038;na;10
9000038;zn;0.26
9000038;cu;0.129
9000038;vita;0
9000038;proa;0
9000038;vitd;0
9000038;vitc;100
9000038;vitb1;0.054
9000038;vitb2;0.081
9000038;vitb3;1.537
9000038;vitb5;0.2
9000038;vitb6;0.505
9000038;vitb12;0
9000038;vitb9;0
9000038;chol;0
9000039;prot;4.6
9000039;fat;1.4
9000039;carb;57.6
9000039;kcal;261
9000039;water;9.52
9000039;caf;0
9000039;fibre;16.8
9000039;ca;1228
9000039;fe;38.07
9000039;mg;56
9000039;p;61
9000039;k;500
9000039;na;8.5
9000039;zn;1.97
9000039;cu;0.23
9000039;vita;0
9000039;proa;0
9000039;vitd;0
9000039;vitc;28.5
9000039;vitb1;0.077
9000039;vitb2;0.14
9000039;vitb3;1.3
9000039;vitb5;0
9000039;vitb6;0.31
9000039;vitb12;0
9000039;vitb9;29
9000039;chol;0
9000040;prot;1.74
9000040;fat;0.44
9000040;carb;6.7
9000040;kcal;32
9000040;water;9.02
9000040;caf;
9000040;fibre;3.7
9000040;ca;11
9000040;fe;0.86
9000040;mg;22
9000040;p;40
9000040;k;305
9000040;na;10
9000040;zn;0.26
9000040;cu;0.129
9000040;vita;0
9000040;proa;0
9000040;vitd;0
9000040;vitc;100
9000040;vitb1;0.054
9000040;vitb2;0.081
9000040;vitb3;1.537
9000040;vitb5;0.2
9000040;vitb6;0.505
9000040;vitb12;0
9000040;vitb9;0
9000040;chol;0
9000041;prot;20
9000041;fat;10
9000041;carb;60
9000041;kcal;400
9000041;vita;16
9000041;vitc;16
9000041;ca;48
9000041;fe;0.96
9000042;prot;4.6
9000042;fat;1.4
9000042;carb;57.6
9000042;kcal;261
9000042;water;9.52
9000042;caf;0
9000042;fibre;16.8
9000042;ca;1228
9000042;fe;38.07
9000042;mg;56
9000042;p;61
9000042;k;500
9000042;na;8.5
9000042;zn;1.97
9000042;cu;0.23
9000042;vita;0
9000042;proa;0
9000042;vitd;0
9000042;vitc;28.5
9000042;vitb1;0.077
9000042;vitb2;0.14
9000042;vitb3;1.3
9000042;vitb5;0
9000042;vitb6;0.31
9000042;vitb12;0
9000042;vitb9;29
9000042;chol;0
9000043;prot;5.98
9000043;fat;20.07
9000043;carb;61.21
9000043;kcal;323
9000043;lact;0
9000043;water;6.86
9000043;caf;0
9000043;fibre;34.2
9000043;ca;646
9000043;fe;8.68
9000043;mg;264
9000043;p;105
9000043;k;1102
9000043;na;243
9000043;zn;1.09
9000043;cu;0.34
9000043;se;5.9
9000043;vita;0
9000043;proa;84
9000043;vitd;0
9000043;vitc;80.8
9000043;vitb1;0.11
9000043;vitb2;0.26
9000043;vitb3;2.55
9000043;vitb6;0.59
9000043;vitb12;0
9000043;vitk;141.8
9000043;vitb9;0
9000043;chol;0
9000044;prot;0.26
9000044;fat;0.05
9000044;carb;91.27
9000044;kcal;381
9000044;water;8.32
9000044;caf;0
9000044;fibre;0.9
9000044;ca;2
9000044;fe;0.47
9000044;mg;3
9000044;p;13
9000044;k;3
9000044;na;9
9000044;zn;0.06
9000044;cu;0.05
9000044;se;2.8
9000044;vita;0
9000044;proa;0
9000044;vitd;0
9000044;vitc;0
9000044;vitb1;0
9000044;vitb2;0
9000044;vitb3;0.01
9000044;vitb5;0
9000044;vitb6;0
9000044;vitb12;0
9000044;vitk;0
9000044;vitb9;0
9000044;chol;0
9000045;prot;12.78
9000045;fat;1.58
9000045;carb;74.69
9000045;kcal;371
9000045;lact;0
9000045;water;10.25
9000045;caf;0
9000045;fibre;2.95
9000045;ca;18
9000045;fe;1.3
9000045;mg;48
9000045;p;150
9000045;k;162
9000045;na;7
9000045;zn;1.21
9000045;cu;0.25
9000045;se;62.2
9000045;vita;0
9000045;proa;0
9000045;vitd;0
9000045;vitc;0
9000045;vitb1;0.09
9000045;vitb2;0.06
9000045;vitb3;4.43
9000045;vitb5;0.43
9000045;vitb6;0.1
9000045;vitb12;0
9000045;vitb9;0
9000045;chol;0
9000046;prot;21.6
9000046;fat;24.64
9000046;carb;2.47
9000046;kcal;318
9000046;water;48.38
9000046;caf;0
9000046;fibre;0
9000046;ca;575
9000046;fe;0.2
9000046;mg;21
9000046;p;412
9000046;k;75
9000046;na;415
9000046;zn;2.46
9000046;cu;0.02
9000046;se;16.1
9000046;vita;192
9000046;proa;63
9000046;vitd;0.3
9000046;vitc;0
9000046;vitb1;0.01
9000046;vitb2;0.27
9000046;vitb3;5.12
9000046;vitb5;0.07
9000046;vitb6;0.06
9000046;vitb12;0.73
9000046;vitk;2.5
9000046;vitb9;0
9000046;chol;89
9000047;prot;2
9000047;fat;0.2
9000047;carb;9.46
9000047;kcal;40
9000047;water;87.74
9000047;caf;0
9000047;fibre;1.5
9000047;ca;18
9000047;fe;1.2
9000047;mg;25
9000047;p;46
9000047;k;340
9000047;na;7
9000047;zn;0.3
9000047;cu;0.17
9000047;se;0.5
9000047;vita;0
9000047;proa;671
9000047;vitd;0
9000047;vitc;242.5
9000047;vitb1;0.09
9000047;vitb2;0.09
9000047;vitb3;1.38
9000047;vitb5;0.06
9000047;vitb6;0.27
9000047;vitb12;0
9000047;vitk;14.3
9000047;vitb9;0
9000047;chol;0
9000048;prot;0.3
9000048;fat;0.2
9000048;carb;58.7
9000048;kcal;265
9000048;water;71.28
9000048;caf;0
9000048;fibre;0.8
9000048;ca;18
9000048;fe;0.85
9000048;mg;7
9000048;p;9
9000048;k;66
9000048;na;353
9000048;zn;0.08
9000048;cu;0.04
9000048;vita;0.75
9000048;proa;43.5
9000048;vitd;0
9000048;vitc;0
9000048;vitb1;0.02
9000048;vitb2;0.01
9000048;vitb3;0.28
9000048;vitb5;0.05
9000048;vitb6;0.04
9000048;vitb12;0
9000048;vitb9;0
9000048;chol;0
9000049;prot;6.81
9000049;fat;0.55
9000049;carb;81.68
9000049;kcal;370
9000049;water;10.46
9000049;caf;0
9000049;fibre;2.8
9000049;ca;11
9000049;fe;1.6
9000049;mg;23
9000049;p;71
9000049;k;77
9000049;na;7
9000049;zn;1.2
9000049;cu;0.17
9000049;se;15.1
9000049;vita;0
9000049;proa;0
9000049;vitd;0
9000049;vitc;0
9000049;vitb1;0.18
9000049;vitb2;0.05
9000049;vitb3;3.46
9000049;vitb5;0.82
9000049;vitb6;0.1
9000049;vitb12;0
9000049;vitb9;0
9000049;chol;0
9000050;prot;6.81
9000050;fat;0.55
9000050;carb;81.68
9000050;kcal;370
9000050;water;10.46
9000050;caf;0
9000050;fibre;2.8
9000050;ca;11
9000050;fe;1.6
9000050;mg;23
9000050;p;71
9000050;k;77
9000050;na;7
9000050;zn;1.2
9000050;cu;0.17
9000050;se;15.1
9000050;vita;0
9000050;proa;0
9000050;vitd;0
9000050;vitc;0
9000050;vitb1;0.18
9000050;vitb2;0.05
9000050;vitb3;3.46
9000050;vitb5;0.82
9000050;vitb6;0.1
9000050;vitb12;0
9000050;vitb9;0
9000050;chol;0
9000051;prot;6.81
9000051;fat;0.55
9000051;carb;81.68
9000051;kcal;370
9000051;water;10.46
9000051;caf;0
9000051;fibre;2.8
9000051;ca;11
9000051;fe;1.6
9000051;mg;23
9000051;p;71
9000051;k;77
9000051;na;7
9000051;zn;1.2
9000051;cu;0.17
9000051;se;15.1
9000051;vita;0
9000051;proa;0
9000051;vitd;0
9000051;vitc;0
9000051;vitb1;0.18
9000051;vitb2;0.05
9000051;vitb3;3.46
9000051;vitb5;0.82
9000051;vitb6;0.1
9000051;vitb12;0
9000051;vitb9;0
9000051;chol;0
9000052;prot;16.78
9000052;fat;0.76
9000052;carb;2.36
9000052;kcal;88
9000052;water;78.57
9000052;caf;0
9000052;fibre;0
9000052;ca;24
9000052;fe;0.29
9000052;mg;56
9000052;p;219
9000052;k;322
9000052;na;161
9000052;zn;0.95
9000052;cu;0.05
9000052;se;22.2
9000052;vita;15
9000052;proa;0
9000052;vitd;0
9000052;vitc;3
9000052;vitb1;0.01
9000052;vitb2;0.06
9000052;vitb3;4.28
9000052;vitb5;0.14
9000052;vitb6;0.15
9000052;vitb12;1.53
9000052;vitk;0.1
9000052;vitb9;0
9000052;chol;33
9000053;prot;17.19
9000053;fat;19.62
9000053;carb;0
9000053;kcal;250
9000053;lact;0
9000053;water;62.85
9000053;caf;0
9000053;fibre;0
9000053;ca;45
9000053;fe;1.64
9000053;mg;71
9000053;p;215
9000053;k;459
9000053;na;72
9000053;zn;0.41
9000053;cu;0.02
9000053;se;46.8
9000053;vita;102
9000053;proa;1.19
9000053;vitc;0
9000053;vitb1;0.12
9000053;vitb2;0.11
9000053;vitb3;8.34
9000053;vitb5;0.86
9000053;vitb6;0.34
9000053;vitb12;1.44
9000053;vitb9;0
9000053;chol;63
9000054;prot;1.1
9000054;fat;0.3
9000054;carb;9.32
9000054;kcal;29
9000054;lact;0
9000054;water;88.98
9000054;caf;0
9000054;fibre;2.8
9000054;ca;26
9000054;fe;0.6
9000054;mg;8
9000054;p;16
9000054;k;138
9000054;na;2
9000054;zn;0.06
9000054;cu;0.03
9000054;se;0.4
9000054;vita;0
9000054;proa;3
9000054;vitd;0
9000054;vitc;53
9000054;vitb1;0.04
9000054;vitb2;0.02
9000054;vitb3;0.3
9000054;vitb5;0.19
9000054;vitb6;0.08
9000054;vitb12;0
9000054;vitk;0
9000054;vitb9;0
9000054;chol;0
9000055;prot;8.6
9000055;fat;6.3
9000055;carb;46
9000055;kcal;273
9000055;water;37
9000055;caf;0
9000055;fibre;3.8
9000055;ca;176
9000055;fe;3.55
9000055;mg;36
9000055;p;104
9000055;k;115
9000055;na;340
9000055;zn;0.9
9000055;cu;0.15
9000055;se;33
9000055;vita;0
9000055;proa;0
9000055;vitd;0
9000055;vitc;0
9000055;vitb1;0.43
9000055;vitb2;0.27
9000055;vitb3;6.03
9000055;vitb5;0.36
9000055;vitb6;0.07
9000055;vitb12;0
9000055;vitk;2.7
9000055;vitb9;45
9000055;chol;0
9000056;water;7.22
9000056;vitb5;0.03
9000056;prot;0.16
9000056;vita;0
9000056;vitc;0
9000056;vitb2;0.01
9000056;vitb6;0.01
9000056;zn;0.27
9000056;vitd;0
9000056;fibre;0
9000056;na;9
9000056;vitb12;0.1
9000056;ca;7
9000056;p;12
9000056;proa;0
9000056;chol;0
9000056;sta;0
9000056;kcal;152.24
9000056;fe;0.39
9000056;vitb9;1
9000056;k;75
9000056;carb;12
9000056;mg;9
9000056;fat;0
9000057;prot;20.91
9000057;fat;1.08
9000057;carb;0
9000057;kcal;99
9000057;lact;0
9000057;water;77.28
9000057;caf;0
9000057;fibre;0
9000057;ca;39
9000057;fe;3.09
9000057;mg;34
9000057;p;137
9000057;k;182
9000057;na;224
9000057;zn;1.56
9000057;cu;0.19
9000057;se;39.6
9000057;vita;68
9000057;proa;0
9000057;vitd;
9000057;vitc;2.2
9000057;vitb1;0.03
9000057;vitb2;0.03
9000057;vitb3;7.44
9000057;vitb5;0.11
9000057;vitb6;0.12
9000057;vitb12;1.49
9000057;vitk;0
9000057;vitb9;0
9000057;chol;195
9000058;prot;20.91
9000058;fat;1.08
9000058;carb;0
9000058;kcal;99
9000058;lact;0
9000058;water;77.28
9000058;caf;0
9000058;fibre;0
9000058;ca;39
9000058;fe;3.09
9000058;mg;34
9000058;p;137
9000058;k;182
9000058;na;224
9000058;zn;1.56
9000058;cu;0.19
9000058;se;39.6
9000058;vita;68
9000058;proa;0
9000058;vitd;
9000058;vitc;2.2
9000058;vitb1;0.03
9000058;vitb2;0.03
9000058;vitb3;7.44
9000058;vitb5;0.11
9000058;vitb6;0.12
9000058;vitb12;1.49
9000058;vitk;0
9000058;vitb9;0
9000058;chol;195
9000059;prot;0.92
9000059;fat;0.08
9000059;carb;10.11
9000059;kcal;42
9000059;lact;0.01
9000059;water;88.54
9000059;caf;0
9000059;fibre;1.4
9000059;ca;22
9000059;fe;0.19
9000059;mg;10
9000059;p;27
9000059;k;144
9000059;na;3
9000059;zn;0.16
9000059;cu;0.03
9000059;se;0.5
9000059;vita;0
9000059;proa;1
9000059;vitd;0
9000059;vitc;6.4
9000059;vitb1;0.04
9000059;vitb2;0.02
9000059;vitb3;0.36
9000059;vitb5;0.12
9000059;vitb6;0.14
9000059;vitb12;0
9000059;vitk;0.4
9000059;vitb9;0
9000059;chol;0
9000059;sta;0
9000060;prot;0.92
9000060;fat;0.08
9000060;carb;10.11
9000060;kcal;42
9000060;lact;0.01
9000060;water;88.54
9000060;caf;0
9000060;fibre;1.4
9000060;ca;22
9000060;fe;0.19
9000060;mg;10
9000060;p;27
9000060;k;144
9000060;na;3
9000060;zn;0.16
9000060;cu;0.03
9000060;se;0.5
9000060;vita;0
9000060;proa;1
9000060;vitd;0
9000060;vitc;6.4
9000060;vitb1;0.04
9000060;vitb2;0.02
9000060;vitb3;0.36
9000060;vitb5;0.12
9000060;vitb6;0.14
9000060;vitb12;0
9000060;vitk;0.4
9000060;vitb9;0
9000060;chol;0
9000060;sta;0
9000061;prot;12.01
9000061;fat;17.27
9000061;carb;56.63
9000061;kcal;318
9000061;water;8.05
9000061;caf;0
9000061;fibre;27.2
9000061;ca;148
9000061;fe;7.8
9000061;mg;152
9000061;p;293
9000061;k;2014
9000061;na;30
9000061;zn;2.48
9000061;cu;0.37
9000061;se;8.8
9000061;vita;0
9000061;proa;21840
9000061;vitd;0
9000061;vitc;76.4
9000061;vitb1;0.32
9000061;vitb2;0.91
9000061;vitb3;10.9
9000061;vitb6;2.45
9000061;vitb12;0
9000061;vitk;80.3
9000061;vitb9;0
9000061;chol;0
9000062;prot;4.6
9000062;fat;1.4
9000062;carb;57.6
9000062;kcal;261
9000062;water;9.52
9000062;caf;0
9000062;fibre;16.8
9000062;ca;1228
9000062;fe;38.07
9000062;mg;56
9000062;p;61
9000062;k;500
9000062;na;8.5
9000062;zn;1.97
9000062;cu;0.23
9000062;vita;0
9000062;proa;0
9000062;vitd;0
9000062;vitc;28.5
9000062;vitb1;0.077
9000062;vitb2;0.14
9000062;vitb3;1.3
9000062;vitb5;0
9000062;vitb6;0.31
9000062;vitb12;0
9000062;vitb9;29
9000062;chol;0
9000063;prot;2.54
9000063;fat;0.61
9000063;carb;4.34
9000063;kcal;27
9000063;water;90.96
9000063;caf;0
9000063;fibre;3.9
9000063;ca;154
9000063;fe;3.17
9000063;mg;81
9000063;p;69
9000063;k;462
9000063;na;4
9000063;zn;0.85
9000063;cu;0.29
9000063;se;0.3
9000063;vita;0
9000063;proa;3168
9000063;vitd;0
9000063;vitc;18
9000063;vitb1;0.02
9000063;vitb2;0.07
9000063;vitb3;1.57
9000063;vitb5;0.23
9000063;vitb6;0.12
9000063;vitb12;0
9000063;vitk;414.8
9000063;vitb9;0
9000063;chol;0
9000064;prot;2.54
9000064;fat;0.61
9000064;carb;4.34
9000064;kcal;27
9000064;water;90.96
9000064;caf;0
9000064;fibre;3.9
9000064;ca;154
9000064;fe;3.17
9000064;mg;81
9000064;p;69
9000064;k;462
9000064;na;4
9000064;zn;0.85
9000064;cu;0.29
9000064;se;0.3
9000064;vita;0
9000064;proa;3168
9000064;vitd;0
9000064;vitc;18
9000064;vitb1;0.02
9000064;vitb2;0.07
9000064;vitb3;1.57
9000064;vitb5;0.23
9000064;vitb6;0.12
9000064;vitb12;0
9000064;vitk;414.8
9000064;vitb9;0
9000064;chol;0
9000065;prot;12.66
9000065;fat;13.81
9000065;carb;58.15
9000065;kcal;325
9000065;lact;0
9000065;water;9.52
9000065;caf;0
9000065;fibre;33.2
9000065;ca;478
9000065;fe;29.59
9000065;mg;254
9000065;p;349
9000065;k;1543
9000065;na;52
9000065;zn;4.05
9000065;cu;0.81
9000065;se;17.1
9000065;vita;0
9000065;proa;592
9000065;vitd;0
9000065;vitc;11.4
9000065;vitb1;0.25
9000065;vitb2;0.28
9000065;vitb3;5.78
9000065;vitb6;1.15
9000065;vitb12;0
9000065;vitk;99.8
9000065;vitb9;0
9000065;chol;0
9000066;prot;12.66
9000066;fat;13.81
9000066;carb;58.15
9000066;kcal;325
9000066;lact;0
9000066;water;9.52
9000066;caf;0
9000066;fibre;33.2
9000066;ca;478
9000066;fe;29.59
9000066;mg;254
9000066;p;349
9000066;k;1543
9000066;na;52
9000066;zn;4.05
9000066;cu;0.81
9000066;se;17.1
9000066;vita;0
9000066;proa;592
9000066;vitd;0
9000066;vitc;11.4
9000066;vitb1;0.25
9000066;vitb2;0.28
9000066;vitb3;5.78
9000066;vitb6;1.15
9000066;vitb12;0
9000066;vitk;99.8
9000066;vitb9;0
9000066;chol;0
9000067;prot;18.81
9000067;fat;2.02
9000067;carb;64.11
9000067;kcal;343
9000067;water;10.77
9000067;caf;0
9000067;fibre;25.2
9000067;ca;186
9000067;fe;3.4
9000067;mg;188
9000067;p;304
9000067;k;1316
9000067;na;18
9000067;zn;1.9
9000067;cu;0.44
9000067;se;12.9
9000067;vita;0
9000067;proa;4.2
9000067;vitd;0
9000067;vitc;4.6
9000067;vitb1;0.53
9000067;vitb2;0.22
9000067;vitb3;5.79
9000067;vitb5;0.78
9000067;vitb6;0.4
9000067;vitb12;0
9000067;vitb9;0
9000067;chol;0
9000068;prot;28
9000068;fat;32
9000068;carb;0.5
9000068;kcal;405
9000068;water;39.5
9000068;caf;0
9000068;fibre;0
9000068;ca;0
9000068;fe;0
9000068;mg;0
9000068;p;0
9000068;k;0
9000068;na;2000
9000068;zn;0
9000068;cu;0
9000068;se;0
9000068;vita;0
9000068;proa;0
9000068;vitd;0
9000068;vitc;0
9000068;vitb1;0
9000068;vitb2;0
9000068;vitb3;0
9000068;vitb5;0
9000068;vitb6;0
9000068;vitb12;0
9000068;vitb9;0
9000068;chol;0
9000069;water;7.22
9000069;vitb5;0.03
9000069;prot;0.16
9000069;vita;0
9000069;vitc;0
9000069;vitb2;0.01
9000069;vitb6;0.01
9000069;zn;0.27
9000069;vitd;0
9000069;fibre;0
9000069;na;9
9000069;vitb12;0.1
9000069;ca;7
9000069;p;12
9000069;proa;0
9000069;chol;0
9000069;sta;0
9000069;kcal;152.24
9000069;fe;0.39
9000069;vitb9;1
9000069;k;75
9000069;carb;12
9000069;mg;9
9000069;fat;0
9000070;prot;4
9000070;fat;0.5
9000070;carb;34
9000070;kcal;160
9000070;water;60.5
9000070;caf;0
9000070;fibre;1
9000070;ca;0
9000070;fe;0
9000070;mg;0
9000070;p;0
9000070;k;0
9000070;na;330
9000070;zn;0
9000070;cu;0
9000070;se;0
9000070;vita;0
9000070;proa;0
9000070;vitd;0
9000070;vitc;0
9000070;vitb1;0
9000070;vitb2;0
9000070;vitb3;0
9000070;vitb5;0
9000070;vitb6;0
9000070;vitb12;0
9000070;vitb9;0
9000070;chol;0